creditor_id,name,company_name,abn,address_unit,address_street_no,address_street_1,address_street_2,address_suburb,address_state,address_postcode,mailing_address_unit,mailing_address_street_no,mailing_address_street_1,mailing_address_street_2,mailing_address_suburb,mailing_address_state,mailing_address_postcode,preferred_email,preferred_phone,additional_emails,additional_phones,other_contact_info,preferred_comm_method,default_account_code,is_gst_exempt,is_priority,is_strata_creditor,strata_plan_number,strata_building_name,strata_self_managed,strata_building_street_no,strata_building_street_1,strata_building_street_2,strata_building_suburb,strata_building_state,strata_building_postcode,payment_method,cheque_pay_to,eft_account_name,eft_account_bsb,eft_account_no,bpay_reference,contact_[n]_id,contact_[n]_type,tag_[group name]
rps_lng-HDO19001152,,1. Shire Of Melton,,,,P O Box 21,Melton,,Vic,3337,,,,,,,,revenue@melton.vic.gov.au,Work 039747 7200,,Fax 03 97439970,,revenue@melton.vic.gov.au,,,,,,,,,,,,,,,,,,,,,,
rps_lng-HDO21001294,,Jim's Flyscreens and Blinds,,,,24 Lake View Drive,,Narre Warren South,VIC,3805,,,,,,,,alan@jimsflyscreensandblinds.com.au,,,Mobile 0433 864 637,,alan@jimsflyscreensandblinds.com.au,,,,,,,,,,,,,,,,,,,,,,
rps_lng-CVA21002455,,Peachy Clean Home Cleaning Service,,30,,Portland Street,,MULGRAVE,VIC,3170,,,,,,,,peachycleaningservices7@gmail.com,,,,,peachycleaningservices7@gmail.com,,,,,,,,,,,,,,,,,,,,,,
rps_lng-HDO19001439,,Diverse Appliances Services,,7/80,,Mills Road,,Braeside,VIC,3195,,,,,,,,service@diverseappliances.com.au,Work 9580 2186,,,,service@diverseappliances.com.au,,,,,,,,,,,,,,,,,,,,,,
rps_lng-HDO15001023,,Total Gas Care Services,,,,P.O. Box 329,,Elwood,Vic,3184,,,,,,,,bookings@totalgascare.com.au,,,Fax 9502 4853,,bookings@totalgascare.com.au,,,,,,,,,,,,,,,,,,,,,,
rps_lng-CVA21002204,,Aussie Tree Services Vic Pty Ltd,,,,PO BOX 234,,MONBULK,VIC,3793,,,,,,,,team@aussietreesvic.com.au,,,Mobile 0419 358 035 Fax 02 9506 3305,,team@aussietreesvic.com.au,,,,,,,,,,,,,,,,,,,,,,
rps_lng-HDO15000944,,1. Ownerscorp Commercial,,,,"Suite 33, 34 Queens Road",,Melbourne,Vic,3004,,,,,,,,ownerscorpservices@tbre.net.au,,,Fax 03 9820 8977,,ownerscorpservices@tbre.net.au,,,,,,,,,,,,,,,,,,,,,,
rps_lng-HDO19001102,,Cyclic Maintenance,,1/533,,Highett Road,,Highett,VIC,3190,,,,,,,,admin@cyclicmaintenance.com.au,Work 9596 3402,,,,admin@cyclicmaintenance.com.au,,,,,,,,,,,,,,,,,,,,,,
rps_lng-HDO23002113,,KaiKleans,,56,,Kavanagh Cres,,Keilor Downs,VIC,3038,,,,,,,,admin@kaikleans.com.au,,,Mobile 0451221911,,admin@kaikleans.com.au,,,,,,,,,,,,,,,,,,,,,,
rps_lng-SAN22000095,,Greenhills,,9/88,,Northgate Drive,,Thomastown,VIC,3074,,,,,,,,greenhillselectrics@outlook.com,,,Mobile 0408 309 653,,greenhillselectrics@outlook.com,,,,,,,,,,,,,,,,,,,,,,
rps_lng-HDO13002437,,Ace Body Corporate BPAY,,,,"DEFT Payment System
PO Box 2174",,Melbourne,Vic,3001,,,,,,,,,,,Fax 9846 8117,,,,,,,,,,,,,,,,,,,,,,,,
rps_lng-HDO20000752,,Civium Holdings Vic,,39/574,,Plummer Street,,Port Melbourne,VIC,3207,,,,,,,,levies@civium.com.au,,,,,levies@civium.com.au,,,,,,,,,,,,,,,,,,,,,,
rps_lng-HDO19001532,,State Revenue Office,,,,GPO Box 1641,Melbourne,,Vic,3001,,,,,,,,sro@sro.vic.gov.au,Work 132161,,Fax 03 9628 6856,,sro@sro.vic.gov.au,,,,,,,,,,,,,,,,,,,,,,
rps_lng-CHA19000095,,Premium Glass,,1/17,,Murphy Street,,Altona North,VIC,3025,,,,,,,,craig@premiumglass.com.au,,,Home 1300 773 636,,craig@premiumglass.com.au,,,,,,,,,,,,,,,,,,,,,,
rps_lng-HDO14000933,,Eastoe Electrical,,1/150,,Donald Street,,Brunswick East,Vic,3057,,,,,,,,info@eastoeelectrical.com.au,,,Mobile 0413 978 587,,info@eastoeelectrical.com.au,,,,,,,,,,,,,,,,,,,,,,
rps_lng-HDO14001017,,Turnbull Cook Body Corporate,,,,"DEFT Payment Systems
GPO Box 2174",,Melbourne,Vic,3001,,,,,,,,info@turnbullcook.com.au,,,,,info@turnbullcook.com.au,,,,,,,,,,,,,,,,,,,,,,
rps_lng-CVA21002429,,Protech Pest Control,,,,Factory 4/11 Cooper Street,,CAMPBELLFIELD,VIC,3061,,,,,,,,theresa@protechpest.com.au,Work 1300 486 149,,,,theresa@protechpest.com.au,,,,,,,,,,,,,,,,,,,,,,
rps_lng-HDO19004791,,Premac Air Conditioning,,,,,,,,,,,,,,,,service@premacair.com.au,,,Mobile 0421 275 902,,service@premacair.com.au,,,,,,,,,,,,,,,,,,,,,,
rps_lng-HDO07003787,,Ross Hunt Real Estate BPAY,,,,Locked Bag No 1,,Surrey Hills,Vic,3127,,,,,,,,rosshunt@rosshunt.com.au,,,,,rosshunt@rosshunt.com.au,,,,,,,,,,,,,,,,,,,,,,
rps_lng-HDO19001876,,Terri Scheer Insurance Pty Ltd,,,,GPO Box 1619,Adelaide,,SA,5001,,,,,,,,processing@terrischeer.com.au,Work 1800 804 016,,,,processing@terrischeer.com.au,,,,,,,,,,,,,,,,,,,,,,
rps_lng-HDO20001306,,"Hook, Line & Sink Plumbing",,24,,Melinga Cres,,Chadstone,VIC,3148,,,,,,,,info@hooklineandsink.com,,,Mobile 0449 154 881 Home 1300 893 407,,info@hooklineandsink.com,,,,,,,,,,,,,,,,,,,,,,
rps_lng-CVA21001982,,Australian Antennas,,,,P.O.Box 117,,BLACKBURN SOUTH,VIC,3130,,,,,,,,sales@australianantennas.com.au,,,Fax 03 9899 2977,,sales@australianantennas.com.au,,,,,,,,,,,,,,,,,,,,,,
rps_lng-HDO18000984,ABA,Property Insurance Plus,,,,PO Box 2230,,Mt Waverley,Vic,3149,,,,,,,,remittances@pi-plus.com.au,,,,,remittances@pi-plus.com.au,,,,,,,,,,,,,,,,,,,,,,
rps_lng-HDO22002453,Hirt Family Trust,Beaumaris Plumbing & Gasfitting Pty Ltd,,7E,,354 Reserve Road,,Cheltenham,VIC,3192,,,,,,,,beau.plumbing@bigpond.com,Work 03 9589 1001,,Mobile 0425 755 546,,beau.plumbing@bigpond.com,,,,,,,,,,,,,,,,,,,,,,
rps_lng-JAM20000086,,TNO - The Works,,,,,,,,,,,,,,,,troyoborne@bigpond.com,,,Mobile 0405 663 719,,troyoborne@bigpond.com,,,,,,,,,,,,,,,,,,,,,,
rps_lng-HDO17002818,,Kaaden Doors,,10,,Dallas Court,,Hallam,VIC,3803,,,,,,,,admin@kaadendoors.com.au,Work 1800 522 336,,Home 0481 371 683,,admin@kaadendoors.com.au,,,,,,,,,,,,,,,,,,,,,,
rps_lng-HAW21000001,,Eastlec Data and Electrical,,,,,,,,,,,,,,,,jaidon@eastlec.com.au,,,Mobile 0481 210 678 Home 0481 210 678,,jaidon@eastlec.com.au,,,,,,,,,,,,,,,,,,,,,,
rps_lng-HDO19002688,,Four Walls Painting & Decorating Pty Ltd,,,,PO Box 74,,Watsonia,VIC,3087,,,,,,,,fwpd10@gmail.com,Work 0412 765 210,,,,fwpd10@gmail.com,,,,,,,,,,,,,,,,,,,,,,
rps_lng-HDO21002700,,Future Rent Capital Pty Ltd,,,,"Level 8,11-31 York Street",,Sydney,NSW,2000,,,,,,,,secretary@futurerent.com.au,,,,,secretary@futurerent.com.au,,,,,,,,,,,,,,,,,,,,,,
rps_lng-HDO19002152,,Plum Heating & Cooling,,,,"Unit 4,  22-30 Wallace Avenue",Point COOK 3023,,,,,,,,,,,contact@plumheatcool.com.au,Work 8360 9622,,Fax 8360 9633,,contact@plumheatcool.com.au,,,,,,,,,,,,,,,,,,,,,,
rps_lng-HDO19001342,,Ochre Plumbing & Gasfitting,,,,Ochre Plumbing & Gasfi15 Monteith S,Altona North,,Vic,3025,,,,,,,,scottorr@ochreplumbingandgasfitting.com.au,,,,,scottorr@ochreplumbingandgasfitting.com.au,,,,,,,,,,,,,,,,,,,,,,
rps_lng-HDO07003812,,Body Corporate Strata Group,,,,"DEFT Payment Systems
GPO Box 2174",,Melbourne,Vic,3001,,,,,,,,,,,,,,,,,,,,,,,,,,,,,,,,,,,
rps_lng-HDO19002005,,PDS Garage Doors & Gates,,38,,Yale Drive,Epping VIC 3076,,,,,,,,,,,service@pdsdoors.com.au,,,Mobile 9408 3418,,service@pdsdoors.com.au,,,,,,,,,,,,,,,,,,,,,,
rps_lng-HDO22003692,,All Brands Servicing,,,,,,,,,,,,,,,,,Work 03 5367 7646,,,,,,,,,,,,,,,,,,,,,,,,,,
rps_lng-HDO21001362,,Combined Industrial Maintenance,,,,7 Kirkham Road,,Murrumbeena,VIC,3163,,,,,,,,,Work 0419 834 026,,,,,,,,,,,,,,,,,,,,,,,,,,
rps_lng-SAN22000025,,Plum Electrical,,,,PO Box 6014,,Point Cook,VIC,3030,,,,,,,,info@plumelectrical.com.au,,,,,info@plumelectrical.com.au,,,,,,,,,,,,,,,,,,,,,,
rps_lng-JAM20000137,,Northern Appliance Repairs,,12,,Southdown Rise,,Mernda,VIC,3754,,,,,,,,raysimpson@iinet.net.au,Work 0414 682 946,,,,raysimpson@iinet.net.au,,,,,,,,,,,,,,,,,,,,,,
rps_lng-HDO22003052,,Roller Doors Melbourne,,,,,,,,,,,,,,,,info@rollerdoorsmelbourne.com.au,,,Mobile 0488013363,,info@rollerdoorsmelbourne.com.au,,,,,,,,,,,,,,,,,,,,,,
rps_lng-HDO22002256,,Melbourne Glass Repair Pty Ltd,,,,Factory 2 15-17 Tower Crt,,Noble Park,VIC,3174,,,,,,,,mglassr@gmail.com,,,Mobile 0422 658 311,,mglassr@gmail.com,,,,,,,,,,,,,,,,,,,,,,
rps_lng-JAM21000053,,Bloom Mowing & Garden Care,,,,,,,,,,,,,,,,bloom.mowing@gmail.com,,,Mobile 0433 777 914,,bloom.mowing@gmail.com,,,,,,,,,,,,,,,,,,,,,,
rps_lng-HDO19001452,,Foster Heating Pty Ltd,,1192,,Dandenong Road,Murrumbeena,,Vic,3163,,,,,,,,service@hydronic.com.au,Work 03 9569 9559,,,,service@hydronic.com.au,,,,,,,,,,,,,,,,,,,,,,
rps_lng-CVA21004419,,Smarter Care Home Protection,,18,,Drake Boulevard,,ALTONA,VIC,3018,,,,,,,,accounts@smartercare.com.au,,,,,accounts@smartercare.com.au,,,,,,,,,,,,,,,,,,,,,,
rps_lng-HDO18002179,,MJ Electrical Services Pty Ltd,,7,,Finley Crt,,Wantirna Sth,Vic,3152,,,,,,,,mjelectricalmelb@gmail.com,,,,,mjelectricalmelb@gmail.com,,,,,,,,,,,,,,,,,,,,,,
rps_lng-HDO19005532,,Nicola K Michels,,,,,,,,,,,,,,,,nicola.michels@longview.com.au,,,,,nicola.michels@longview.com.au,,,,,,,,,,,,,,,,,,,,,,
rps_lng-HDO19001170,,Premier Pest Management,,,,,,,,,,,,,,,,premierpestman@optusnet.com.au,,,,,premierpestman@optusnet.com.au,,,,,,,,,,,,,,,,,,,,,,
rps_lng-CHA19000037,,Ace Locksmiths,,29,,Carlisle Street,,St Kilda,VIC,3182,,,,,,,,sales@acelocksmiths.com,Work 03 9534 0586,,,,sales@acelocksmiths.com,,,,,,,,,,,,,,,,,,,,,,
rps_lng-SAN21000139,,Top Panel Garage Doors,,253,,Painted Hills Road,,Doreen,VIC,3754,,,,,,,,goran.sepecan@gmail.com,,,,,goran.sepecan@gmail.com,,,,,,,,,,,,,,,,,,,,,,
rps_lng-HDO12001457,,Yarra Valley Water,,,,GPO Box 2860,,Melbourne,Vic,3001,,,,,,,,enquiry@yvw.com.au,,,Fax 03 9872 1353,,enquiry@yvw.com.au,,,,,,,,,,,,,,,,,,,,,,
rps_lng-HDO19001202,,Longview Real Estate Operating A/C,,,,,,,,,,,,,,,,accounts@longview.com.au,,,,,accounts@longview.com.au,,,,,,,,,,,,,,,,,,,,,,
rps_lng-DRE20000094,,FH JL PTY LTD,,,,,,,,,,,,,,,,linbuildingservice@gmail.com,Work 0426235295,,,,linbuildingservice@gmail.com,,,,,,,,,,,,,,,,,,,,,,
rps_lng-HDO19005924,,Non-Stop Locksmiths,,,,PO Box 3085,,Moorabbin East,VIC,3189,,,,,,,,info@nonstoplocksmiths.com.au,,,Mobile 0418 444 166,,info@nonstoplocksmiths.com.au,,,,,,,,,,,,,,,,,,,,,,
rps_lng-HDO22002424,,1. Araysa Building Maintenance,,88A,,Lorimer Street,,Docklands,VIC,3008,,,,,,,,,,,,,,,,,,,,,,,,,,,,,,,,,,,
rps_lng-DRE19000036,,Verve Maintenance,,16/21,,Sabre Drive,,Port Melbourne,VIC,3207,,,,,,,,office@vervevic.com.au,Work 03 9681 8351,,,,office@vervevic.com.au,,,,,,,,,,,,,,,,,,,,,,
rps_lng-HDO22000773,,Smart Plumbing,,,,57 Ravenhall Way,,Ravenhall,VIC,3023,,,,,,,,,,,Home 9361 1827,,,,,,,,,,,,,,,,,,,,,,,,
rps_lng-HDO19002133,,MSZ Tree Lopping Service,,558,,Greigs Road,Rockbank VIC 3335,,,,,,,,,,,mzold@bigpond.net.au,Work 9747 1322,,Fax 9747 1320,,mzold@bigpond.net.au,,,,,,,,,,,,,,,,,,,,,,
rps_lng-HDO19001786,,Engine Property Group Pty Ltd,,,,"Suite 201, 126 Wellington Parade",East Melbourne,,VIC,3002,,,,,,,,Reception@enginepropertygroup.com.au,Work 1800 364 463,,,,Reception@enginepropertygroup.com.au,,,,,,,,,,,,,,,,,,,,,,
rps_lng-HDO19001583,,1. Do All Appliances,,34,,Bignell Road,Moorabbin VIC 3189,,,,,,,,,,,bookings@doallappliances.com.au,Work 9553 0660,,Fax 9553 0708,,bookings@doallappliances.com.au,,,,,,,,,,,,,,,,,,,,,,
rps_lng-WES21000001,,Frozen Air A/C Pty Ltd,,72,,Popes Road,,Keysborough,VIC,3173,,,,,,,,frozenair.ac@hotmail.com,,,Mobile 0401602482,,frozenair.ac@hotmail.com,,,,,,,,,,,,,,,,,,,,,,
rps_lng-HDO19001785,,Energy Australia,,,,GPO Box 4491,Melbourne,,Vic,3001,,,,,,,,smecustomercare@energyaustralia.com.au,,,Home 03 9422 2968,,smecustomercare@energyaustralia.com.au,,,,,,,,,,,,,,,,,,,,,,
rps_lng-HDO19002254,,Select Owners Corp Management,,,,PO Box 434,Kew East VIC 3102,,,,,,,,,,,jodie.black@selectownerscorp.com.au,Work 9862 3720,,,,jodie.black@selectownerscorp.com.au,,,,,,,,,,,,,,,,,,,,,,
rps_lng-HDO22001298,757955,Greater Western Water,,36,,Macedon Street,,Sunbury,VIC,3429,,,,,,,,,,,,,,,,,,,,,,,,,,,,,,,,,,,
rps_lng-RPT19000002,,Longview Guaranteed Rent Account,,,,.,,,,,,,,,,,,accounts@longview.com.au,,,,,accounts@longview.com.au,,,,,,,,,,,,,,,,,,,,,,
rps_lng-HDO22004214,,Obsidian Roofing,,441,,Flemington Road,,North Melbourne,VIC,3051,,,,,,,,projects@obsidianroofing.com.au,Work 1300 557 935,,,,projects@obsidianroofing.com.au,,,,,,,,,,,,,,,,,,,,,,
rps_lng-HDO19005948,,Eclipse Property Photography,,,,,,,,,,,,,,,,info@eclipse-photography.com.au,,,Mobile 0416 271 382,,info@eclipse-photography.com.au,,,,,,,,,,,,,,,,,,,,,,
rps_lng-HDO19001782,,Electrolux,,,,,,,,,,,,,,,,contracts@electrolux.com.au,Work 131349,,,,contracts@electrolux.com.au,,,,,,,,,,,,,,,,,,,,,,
rps_lng-SAN22000063,,MAGS Made Pty Ltd,,,,PO BOX 4467,,Hoppers Crossing,VIC,3029,,,,,,,,ali.guy@hotmail.com,,,,,ali.guy@hotmail.com,,,,,,,,,,,,,,,,,,,,,,
rps_lng-CVA21002081,,Handy Tom Maintenance Solutions,,,,PO Box 204,,OFFICER,VIC,3809,,,,,,,,handytom@bigpond.com,,,Mobile 0438 077 779,,handytom@bigpond.com,,,,,,,,,,,,,,,,,,,,,,
rps_lng-CVA21002273,,Domain & Co Project Management,,150,,Burwood Road,,HAWTHORN,VIC,3122,,,,,,,,,,,,,,,,,,,,,,,,,,,,,,,,,,,
rps_lng-HDO19001148,,Melcorp Strata Pty Ltd,,477,,Swanston Street,,Melbourne,VIC,3000,,,,,,,,info@melcorpstrata.com.au,Work 86381822,,,,info@melcorpstrata.com.au,,,,,,,,,,,,,,,,,,,,,,
rps_lng-HDO23000336,,Megasealed Southern Peninsula,,5/133,,Beauchamp Road,,Matraville,NSW,2036,,,,,,,,Angela.Blaivas@megasealed.com.au,Work 1300 658 007,,,,Angela.Blaivas@megasealed.com.au,,,,,,,,,,,,,,,,,,,,,,
rps_lng-HDO21001136,,Safe And Sound Gas,,,,safeandsoundgas@outlook.com,,,,,,,,,,,,safeandsoundgas@outlook.com,,,Home 0438 047 134,,safeandsoundgas@outlook.com,,,,,,,,,,,,,,,,,,,,,,
rps_lng-CVA21001812,,Classy Decorators,,6,,Bernarra Court,,Donvale,VIC,3111,,,,,,,,classydecorators@bigpond.com,,,Mobile 0418 548 766,,classydecorators@bigpond.com,,,,,,,,,,,,,,,,,,,,,,
rps_lng-HDO19004437,,Boulton's Cleaning Services Pty Ltd,,21,,Heller Street,,Brunswick,VIC,3056,,,,,,,,mattboul@bigpond.com,,,Mobile 0418 314 552,,mattboul@bigpond.com,,,,,,,,,,,,,,,,,,,,,,
rps_lng-HDO19002113,,Just Doors & Screens,,18,,Milne St,Thomastown VIC 3074,,,,,,,,,,,info@justdoorsandscreens.com.au,Work 9464 0764,,,,info@justdoorsandscreens.com.au,,,,,,,,,,,,,,,,,,,,,,
rps_lng-HDO21001673,,Girlz On The Go,,52,,Adelaide Street,,Albion,VIC,3020,,,,,,,,julietev@girlsonthego.com.au,,,Mobile 0418 178 744,,julietev@girlsonthego.com.au,,,,,,,,,,,,,,,,,,,,,,
rps_lng-HDO19002757,,City Of Melton,,,,PO Box 21,,Melton,VIC,3337,,,,,,,,csu@melton.vic.gov.au,,,,,csu@melton.vic.gov.au,,,,,,,,,,,,,,,,,,,,,,
rps_lng-HDO19001862,,Select Strata Communities,,711,,High Street,,Kew East,VIC,3102,,,,,,,,info@selectsc.com.au,,,,,info@selectsc.com.au,,,,,,,,,,,,,,,,,,,,,,
rps_lng-HDO22003499,,Garden Parlour,,,,,,,,,,,,,,,,gardenparlour@outlook.com,,,Mobile 0403 668 828,,gardenparlour@outlook.com,,,,,,,,,,,,,,,,,,,,,,
rps_lng-VAD21000043,,Garden Manicure,,,,,,,,,,,,,,,,gardenmanicure@ozemail.com.au,,,Mobile 0417 807 848,,gardenmanicure@ozemail.com.au,,,,,,,,,,,,,,,,,,,,,,
rps_lng-JAM21000001,,Toms Pest Control,,,,,,,,,,,,,,,,office@tomspestcontrol.com.au,,,Home 9034 5957,,office@tomspestcontrol.com.au,,,,,,,,,,,,,,,,,,,,,,
rps_lng-CVA21001999,,Leaftop Garden & Property Services Pty Ltd,,271,,Burwood Highway,,Burwood,VIC,3125,,,,,,,,accounts@leaftop.com.au,,,Mobile 0405 130 065,,accounts@leaftop.com.au,,,,,,,,,,,,,,,,,,,,,,
rps_lng-HDO15002882,,Engine Property Group,,,,"DEFT Payment Systems
GPO Box 2174",,Melbourne,Vic,3001,,,,,,,,finance@enginepropertygroup.com.au,,,,,finance@enginepropertygroup.com.au,,,,,,,,,,,,,,,,,,,,,,
rps_lng-HDO22004027,,The Heat & Cool Service Group,,44,,Burleigh Drive,,Grovedale,VIC,3216,,,,,,,,office@heatcoolservice.com.au,,,Mobile 0434 004 490,,office@heatcoolservice.com.au,,,,,,,,,,,,,,,,,,,,,,
rps_lng-CVA21004360,,Owners Corporation X Pty Ltd,,7.575,,Bourke St,,Melbourne,VIC,3000,,,,,,,,,,,,,,,,,,,,,,,,,,,,,,,,,,,
rps_lng-HDO19004377,,Plumbmaster,,,,PO Box 291,,Coburg,VIC,3058,,,,,,,,service@plumbmastermelbourne.com.au,,,Mobile 0409 933 034,,service@plumbmastermelbourne.com.au,,,,,,,,,,,,,,,,,,,,,,
rps_lng-HDO22001591,,Little Ripper Property Services,,6,,Beamish Street,,Werribee,VIC,3030,,,,,,,,robbiellanos@outlook.com,,,Mobile 0417 511 387,,robbiellanos@outlook.com,,,,,,,,,,,,,,,,,,,,,,
rps_lng-CVA21004361,,Oz Wide Gutter Cleaning,,PO Box 893,,,,BERWICK,VIC,3806,,,,,,,,admin@gutter-clean.com.au,,,Home 1300 800 757,,admin@gutter-clean.com.au,,,,,,,,,,,,,,,,,,,,,,
rps_lng-HDO19001968,,The Knight Alliance,,828,,Burke Road,,Camberwell,VIC,3124,,,,,,,,feenotice@theknight.com.au,,,,,feenotice@theknight.com.au,,,,,,,,,,,,,,,,,,,,,,
rps_lng-SAN22000007,,Melbourne Airtech,,,,,,,,,,,,,,,,Robert@melbourneairtech.com,,,Mobile 0406 427 446,,Robert@melbourneairtech.com,,,,,,,,,,,,,,,,,,,,,,
rps_lng-DRE19000104,DO NOT USE,Efficient Heating & Cooling DO NOT USE,,68/22,,Dunn Crescent,,Dandenong,VIC,3175,,,,,,,,info@heatingcoolingsystems.com.au,Work 03 9792 3261,,,,info@heatingcoolingsystems.com.au,,,,,,,,,,,,,,,,,,,,,,
rps_lng-HDO19001201,,Total Air Control,,,,P O Box 6073,Caulfield south,,Vic,3162,,,,,,,,info@totalaircontrol.com.au,Work 1300 789 885,,,,info@totalaircontrol.com.au,,,,,,,,,,,,,,,,,,,,,,
rps_lng-HDO19004445,,Ones&Twos,,,,"Suite 50, Shop 336",,Point Cook,VIC,3030,,,,,,,,admin@onestwosplumbing.com.au,Work 1800663896,,,,admin@onestwosplumbing.com.au,,,,,,,,,,,,,,,,,,,,,,
rps_lng-HDO19001493,,Mode Heating & Cooling,,21/283-293,,Rex Road,,Campbellfield,VIC,3061,,,,,,,,info@modeheatingandcooling.com.au,,,,,info@modeheatingandcooling.com.au,,,,,,,,,,,,,,,,,,,,,,
rps_lng-HDO14001007,,Maribyrnong City Council,,,,PO Box 58,,Footscray,Vic,3011,,,,,,,,email@maribyrnong.vic.gov.au,,,,,email@maribyrnong.vic.gov.au,,,,,,,,,,,,,,,,,,,,,,
rps_lng-HDO19002747,Werribee East,Jim's Mowing (Werribee East),,62,,Market Road,,Werribee,VIC,3030,,,,,,,,robert.wesutan@jimsmowing.net,,,Mobile 0415 723 982,,robert.wesutan@jimsmowing.net,,,,,,,,,,,,,,,,,,,,,,
rps_lng-HDO22001674,,Wyndham Garage Doors & Shutters,,,,,,Werribee,VIC,3030,,,,,,,,care@wyndhamgaragedoors.com,,,Mobile 0497 430 091,,care@wyndhamgaragedoors.com,,,,,,,,,,,,,,,,,,,,,,
rps_lng-HDO21001564,,Appliances Online Commercial Division,,,,Po Box 694,,Strawberry Hills,NSW,2012,,,,,,,,commercial@appliancesonline.com.au,,,Home 1300001500,,commercial@appliancesonline.com.au,,,,,,,,,,,,,,,,,,,,,,
rps_lng-HDO19001146,,City of Melbourne,,,,GPO Box 2158,Melbourne,,Vic,3001,,,,,,,,rates@melbourne.vic.gov.au,Work 03 96589658,,,,rates@melbourne.vic.gov.au,,,,,,,,,,,,,,,,,,,,,,
rps_lng-HDO19004926,,Expert Appliance Repairs Pty Ltd,,81,,Marquands Rd Truganina,,,,,,,,,,,,Service@Expertappliance.Com.Au,Work 0499 499 334,,,,Service@Expertappliance.Com.Au,,,,,,,,,,,,,,,,,,,,,,
rps_lng-HDO19005771,,Marsh Advantage Insurance,,,,Po Box H176,,Australia Square,NSW,1215,,,,,,,,richard.callaghan@marshadvantage.com,,,,,richard.callaghan@marshadvantage.com,,,,,,,,,,,,,,,,,,,,,,
rps_lng-HDO19004360,,Smart House,,,,PO Box 2075,,Camberwell West,VIC,3124,,,,,,,,info@smarthouseaustralia.com.au,Work 03 9822 3223,,,,info@smarthouseaustralia.com.au,,,,,,,,,,,,,,,,,,,,,,
rps_lng-HDO07003770,,EBM Insurance Brokers,,,,"Reply Paid 2362
Suite 4/651 Victor",,Abbotsford,Vic,3067,,,,,,,,admin@rentcover.com.au,,,,,admin@rentcover.com.au,,,,,,,,,,,,,,,,,,,,,,
rps_lng-HDO19001188,,Smoke Alarms Australia,,,,P O Box 1531,Neutral Bay,,NSW,2089,,,,,,,,vic@smokealarmsaustralia.com.au,Work 1300125276,,,,vic@smokealarmsaustralia.com.au,,,,,,,,,,,,,,,,,,,,,,
rps_lng-CVA21002265,,Surelec Pty Ltd (Surelec Electricians),,8-12,,Greenwood Street,,ABBOTSFORD,VIC,3067,,,,,,,,sales@surelec.com.au,,,,,sales@surelec.com.au,,,,,,,,,,,,,,,,,,,,,,
rps_lng-WES20000011,,Looks Great Property Services,,13,,Nagle Drive,,Point Cook,VIC,3030,,,,,,,,info@looksgreatpropertyservices.com.au,,,,,info@looksgreatpropertyservices.com.au,,,,,,,,,,,,,,,,,,,,,,
rps_lng-WES20000008,,Flood Response Pty Ltd,,,,PO BOX 81,,Parkville,VIC,3052,,,,,,,,walterr@floodresponse.com.au,Work 1300 819 396,,Mobile 0447 109 101,,walterr@floodresponse.com.au,,,,,,,,,,,,,,,,,,,,,,
rps_lng-HDO22003145,,Hire A Hubby Preston,,,,PO Box 8024,,Northland Centre,VIC,3072,,,,,,,,preston.vic@hireahubby.com.au,,,Mobile 0421 380 902,,preston.vic@hireahubby.com.au,,,,,,,,,,,,,,,,,,,,,,
rps_lng-HDO07003823,,AGL Gas,,,,Locked Bag 20024,,Melbourne,Vic,3001,,,,,,,,,,,,,,,,,,,,,,,,,,,,,,,,,,,
rps_lng-HDO19001546,,Wyndham City Council,,,,Locked Bag 14839,Melbourne Mail Centre,,Vic,8299,,,,,,,,mail@wyndham.vic.gov.au,Work 03 9742 0777,,,,mail@wyndham.vic.gov.au,,,,,,,,,,,,,,,,,,,,,,
rps_lng-DRE19000090,,Beal Electrical Services Pty Ltd,,4,,Huxley Avenue,,Dandenong North,VIC,3175,,,,,,,,service@bealelectrical.com.au,Work 0430 073 942,,,,service@bealelectrical.com.au,,,,,,,,,,,,,,,,,,,,,,
rps_lng-HDO19001873,,Temp Zero Electrical & Air Conditioning,,12,,Quartz Grove,Epping,,Vic,3076,,,,,,,,Temp_zero@hotmail.com,,,Mobile 0419 584 866,,Temp_zero@hotmail.com,,,,,,,,,,,,,,,,,,,,,,
rps_lng-HDO21000365,,Distinction Plumbing & Gas Pty Ltd,,,,PO Box 131,,Tullamarine,VIC,3043,,,,,,,,info@distinctionplumbingandgas.com.au,,,Mobile 0418 222 484,,info@distinctionplumbingandgas.com.au,,,,,,,,,,,,,,,,,,,,,,
rps_lng-HDO19003559,,BFG Asset Management,,,,"Level 7, 484 St Kilda Road",,Melbourne,VIC,3004,,,,,,,,dana@bfgam.com.au,Work 98048770,,,,dana@bfgam.com.au,,,,,,,,,,,,,,,,,,,,,,
rps_lng-WES19000016,Thomastown,PPM Protectant Pest Managment,,,,,,,,,,,,,,,,inspections@ppmgmt.com.au,Work 1300 552 532,,,,inspections@ppmgmt.com.au,,,,,,,,,,,,,,,,,,,,,,
rps_lng-HDO19001429,,Brimbank Fencing,,,,P O Box 51,St Albans,,Vic,3021,,,,,,,,,Work 9390 9777,,,,,,,,,,,,,,,,,,,,,,,,,,
rps_lng-SAN22000135,,Wyndham Plumbing Group,,,,PO Box 1535,,Melton West,VIC,3337,,,,,,,,info@wyndhamplumbinggroup.com.au,,,Mobile 0475 211 235,,info@wyndhamplumbinggroup.com.au,,,,,,,,,,,,,,,,,,,,,,
rps_lng-HDO12002998,,Lockness Locksmiths,,10,,Raven Street,,Doncaster East,,3109,,,,,,,,lockness10@optusnet.com.au,,,Home 0404 882 413,,lockness10@optusnet.com.au,,,,,,,,,,,,,,,,,,,,,,
rps_lng-HDO19001428,,Brimbank City Council,,,,P O Box 70,Sunshine,,Vic,3020,,,,,,,,info@brimbank.vic.gov.au,Work 92494000,,,,info@brimbank.vic.gov.au,,,,,,,,,,,,,,,,,,,,,,
rps_lng-CVA21002006,,Appliances Online,,20A,,Danks Street,,REDFERN,NSW,2016,,,,,,,,commercial@appliancesonline.com.au,,,Mobile 0400 144 478,,commercial@appliancesonline.com.au,,,,,,,,,,,,,,,,,,,,,,
rps_lng-CVA21001913,BPAY,Property Insurance Plus,,,,PO Box 2230,,Mount Waverly,VIC,3149,,,,,,,,remittances@pi-plus.com.au,,,Mobile 0411 430 336,,remittances@pi-plus.com.au,,,,,,,,,,,,,,,,,,,,,,
rps_lng-HDO09001040,,Quicklift Garage Doors,,61-63,,Glenvale Cres,,Mulgrave,VIC,3170,,,,,,,,office@quickliftdoors.com.au,Work 9729 6899,,,,office@quickliftdoors.com.au,,,,,,,,,,,,,,,,,,,,,,
rps_lng-CVA21004279,,Jetmaster (Vic) Pty Ltd,,444,,Swan Street,,RICHMOND,VIC,3121,,,,,,,,,,,,,,,,,,,,,,,,,,,,,,,,,,,
rps_lng-SAN21000030,,Megasealed Bathrooms Australia Pty Ltd,,5/133,,Beauchamp Road,,Matraville,NSW,2036,,,,,,,,melbournecentral@megasealed.com.au,Work 1300 658 007,,,,melbournecentral@megasealed.com.au,,,,,,,,,,,,,,,,,,,,,,
rps_lng-HDO23002532,,N.R.L Fabrications Pty Ltd,,11,,Pesaro Pl,,Point Cook,VIC,3030,,,,,,,,,,,,,,,,,,,,,,,,,,,,,,,,,,,
rps_lng-HDO07003759,,City Of Glen Eira,,,,Cnr Hawthorn & Glen Eira Rds,,Caulfield,Vic,3162,,,,,,,,,,,,,,,,,,,,,,,,,,,,,,,,,,,
rps_lng-CVA21002476,,Fawkner May,,,,Fawkner May,PO Box 878,CAMBERWELL SOUTH,VIC,3124,,,,,,,,rickdeering@fawknermay.com.au,,,,,rickdeering@fawknermay.com.au,,,,,,,,,,,,,,,,,,,,,,
rps_lng-HDO22003942,Greenvale Rise,Jim's Mowing,,23,,FIRTH WAY,,Greenvale,VIC,3059,,,,,,,,matt.bonello@jimsmowing.net,,,Mobile 0403 540 243,,matt.bonello@jimsmowing.net,,,,,,,,,,,,,,,,,,,,,,
rps_lng-HDO19001108,,City Of Darebin,,,,,,,,,,,,,,,,mailbox@darebin.vic.gov.au,Work 1300954297,,,,mailbox@darebin.vic.gov.au,,,,,,,,,,,,,,,,,,,,,,
rps_lng-HDO21000910,,Vidis Services Pty Ltd - Bulleen,,,,1 Frederick St,,Bulleen,VIC,3105,,,,,,,,,Work 0431160024,,,,,,,,,,,,,,,,,,,,,,,,,,
rps_lng-WES20000156,,Inner Living,,20,,Superior Avenue,,Rowville,VIC,3178,,,,,,,,innerliving@hotmail.com,,,Mobile 0402 303 804,,innerliving@hotmail.com,,,,,,,,,,,,,,,,,,,,,,
rps_lng-HDO12002900,,Body Corporate Victoria Pty Ltd,,,,"Building 5, 303 Burwood Highway",,Burwood East,VIC,3151,,,,,,,,billings1@bodycorpvic.com.au,,,Fax 98060915,,billings1@bodycorpvic.com.au,,,,,,,,,,,,,,,,,,,,,,
rps_lng-HDO18002118,,Intrinsic Cleaning Solutions,,11,,Retreat Avenue,,Cranbourne North,,3977,,,,,,,,anjana@intrinsiccs.com.au,,,,,anjana@intrinsiccs.com.au,,,,,,,,,,,,,,,,,,,,,,
rps_lng-CVA21001824,,EBM Insurance Brokers - 20362,,,,EBM Insurance Brokers,Suite,ABBOTSFORD,VIC,4/651 VIC,,,,,,,,admin@rentcover.com.au,,,Mobile 1800  661 662,,admin@rentcover.com.au,,,,,,,,,,,,,,,,,,,,,,
rps_lng-HDO19001839,,Network Pacific Strata Management,,,,Building 5,303 Burwood Hwy,,Burwood East,,,,,,,,,info@networkpacific.com.au,Work 98164722,,Fax 98164799,,info@networkpacific.com.au,,,,,,,,,,,,,,,,,,,,,,
rps_lng-HDO19002055,,Woolley Appliances,,2/1037,,Western Highway,Deer Park VIC 3023,,,,,,,,,,,support@woolleys.com.au,Work 9361 9500,,Fax 8361 7055,,support@woolleys.com.au,,,,,,,,,,,,,,,,,,,,,,
rps_lng-HDO21001629,,Titan Plumbing Services,,,,PO Box 2058,,Altona East,VIC,3025,,,,,,,,info@titanplumbingservices.com.au,,,Home 1300 450 460,,info@titanplumbingservices.com.au,,,,,,,,,,,,,,,,,,,,,,
rps_lng-HDO19001340,,Northern Plumbing Solutions,,,,PO BOX 652,Craigieburn,,VIC,3064,,,,,,,,northernps@optusnet.com.au,,,,,northernps@optusnet.com.au,,,,,,,,,,,,,,,,,,,,,,
rps_lng-HDO19002205,,LA Bayside Discount Garage & Doors,,12,,William Street,Balaclava VIC 3183,,,,,,,,,,,sales@labayside.com.au,Work 9527 9955,,Fax 9527 4722,,sales@labayside.com.au,,,,,,,,,,,,,,,,,,,,,,
rps_lng-HDO23000360,,Hutt Electrical Pty Ltd,,8/43-45,,Vinter Avenue,,Croydon,VIC,3136,,,,,,,,info@huttelectrical.com.au,,,Mobile 0411 300 772,,info@huttelectrical.com.au,,,,,,,,,,,,,,,,,,,,,,
rps_lng-HDO15002945,,1. Pestwise Possum & Pest Control,,,,PO Box 582,,Brentford Square,VIC,3131,,,,,,,,pestwise@hotmail.com,Work 03 9886 6009,,,,pestwise@hotmail.com,,,,,,,,,,,,,,,,,,,,,,
rps_lng-SAN21000010,,Peachy Cleaning Services Pty Ltd,,12,,Blaxland Drive,,Dandenong North,VIC,3175,,,,,,,,peachycleaningservices7@gmail.com,,,Mobile 0426 243 011,,peachycleaningservices7@gmail.com,,,,,,,,,,,,,,,,,,,,,,
rps_lng-CHA20000024,,Advance Heating Cooling,,,,,,,,,,,,,,,,maria@advancehc.com.au,,,Home 9310 1990,,maria@advancehc.com.au,,,,,,,,,,,,,,,,,,,,,,
rps_lng-HDO16001017,,Smarthouse Fire Solutions,,,,PO Box 2075,,Camberwell West,VIC,3124,,,,,,,,,,,,,,,,,,,,,,,,,,,,,,,,,,,
rps_lng-HDO22003952,,Vidis Services Pty Ltd,,44,,Agnes Street,,Noble Park,VIC,3174,,,,,,,,trilock2garibdass@hotmail.com,,,,,trilock2garibdass@hotmail.com,,,,,,,,,,,,,,,,,,,,,,
rps_lng-HDO19001084,,Binks & Associates,,,,Owners Corporation Plan No. 630765,c/o Binks & Associates,,PO,3127,,,,,,,,,Work 03 9536 5700,,,,,,,,,,,,,,,,,,,,,,,,,,
rps_lng-HDO12001504,8789,Greater Western Water,,,,PO Box 262,,Richmond,Vic,3121,,,,,,,,contact@gww.com.au,,,,,contact@gww.com.au,,,,,,,,,,,,,,,,,,,,,,
rps_lng-CVA21002034,,Real Estate Electrical Service,,,,PO Box 425,,MALVERN,VIC,3144,,,,,,,,marty@sparky2go.com.au,,,Mobile 0418 346 878,,marty@sparky2go.com.au,,,,,,,,,,,,,,,,,,,,,,
rps_lng-HDO22002285,,Epic Inspections,,,,PO Box 6175,,Point Cook,VIC,3030,,,,,,,,customer.service@epicinspections.com.au,,,Home 1300 000 160,,customer.service@epicinspections.com.au,,,,,,,,,,,,,,,,,,,,,,
rps_lng-HDO19002195,,Jayee Screens,,13,,Rose Street,Upper Ferntree Gully VIC 3156,,,,,,,,,,,vanessa@jayeescreens.com.au,Work 97583800,,,,vanessa@jayeescreens.com.au,,,,,,,,,,,,,,,,,,,,,,
rps_lng-HDO19004564,,Appliances Online,,2/20,,Danks Street,,Redfern,NSW,2016,,,,,,,,commercial@appliancesonline.com.au,,,,,commercial@appliancesonline.com.au,,,,,,,,,,,,,,,,,,,,,,
rps_lng-HDO22001798,,Global Blinds & Curtains,,6/14-26,,Audsley Street,,Clayton South,VIC,3169,,,,,,,,admin@globlinds.com.au,Work +61 450 798 633,,,,admin@globlinds.com.au,,,,,,,,,,,,,,,,,,,,,,
rps_lng-HDO12001454,,City of Yarra,,,,PO Box 168,,Richmond,Vic,3121,,,,,,,,info@yarracity.vic.gov.au,,,Fax 03 8417 6601,,info@yarracity.vic.gov.au,,,,,,,,,,,,,,,,,,,,,,
rps_lng-HDO14002358,,Sterling Properties,,,,GPO Box 2174,,Melbourne,Vic,3001,,,,,,,,sterling@sterlingproperties.com.au,Work Sterling Propet,,,,sterling@sterlingproperties.com.au,,,,,,,,,,,,,,,,,,,,,,
rps_lng-SAN21000143,,Gulnaz Wahaf,,,,,,,,,,,,,,,,gwahaf@gmail.com,,,Mobile 0401 825 825,,gwahaf@gmail.com,,,,,,,,,,,,,,,,,,,,,,
rps_lng-DRE21000031,,Stephen Burgchard,,,,,,,,,,,,,,,,steveburgchard@gmail.com,,,,,steveburgchard@gmail.com,,,,,,,,,,,,,,,,,,,,,,
rps_lng-HDO19001245,,Active Appliance Repairs,,,,Factory 1/5 Industrial Avenue,Hoppers Crossing,,Vic,3029,,,,,,,,activeappliances@westnet.com.au,Work 03 9369 5296,,Fax 9369 7259,,activeappliances@westnet.com.au,,,,,,,,,,,,,,,,,,,,,,
rps_lng-CVA21001939,,Gutter Blasters,,11,,Margaret Court,,WARRANDYTE,VIC,3113,,,,,,,,garry@gutterblasters.com.au,,,,,garry@gutterblasters.com.au,,,,,,,,,,,,,,,,,,,,,,
rps_lng-HDO08001910,Glen Waverley,G200 Blinds & Doors,,,,PO Box 82,,Glen Waverley,Vic,3150,,,,,,,,info@g200blindsanddoors.com,,,Mobile 0418 555 598,,info@g200blindsanddoors.com,,,,,,,,,,,,,,,,,,,,,,
rps_lng-HDO19004001,,Oates Roofing Maintenance Services Pty Ltd,,,,,,,,,,,,,,,,admin@oatesroofing.com.au,,,Mobile 0435 695 466,,admin@oatesroofing.com.au,,,,,,,,,,,,,,,,,,,,,,
rps_lng-HDO15000953,,City of Moonee Valley,,9,,Kellaway Avenue,,Moonee Ponds,Vic,3039,,,,,,,,council@mvcc.vic.gov.au,Work 03 9243 8888,,Fax 03 9377 2100,,council@mvcc.vic.gov.au,,,,,,,,,,,,,,,,,,,,,,
rps_lng-HDO12001463,,Network Pacific- O/C Fees,,,,"StrataPay
Locked Bag 9, GCMC",,Bundall,,,,,,,,,,info@networkpacific.com.au,,,Fax 03 9816 4799,,info@networkpacific.com.au,,,,,,,,,,,,,,,,,,,,,,
rps_lng-CVA21001810,,City of Port Phillip,,,,Private Bag 14808,,MELBOURNE MAIL CENTRE,VIC,8299,,,,,,,,assist@portphillip.vic.gov.au,,,,,assist@portphillip.vic.gov.au,,,,,,,,,,,,,,,,,,,,,,
rps_lng-HDO17002804,,LOC Strata Management,,,,"Level 40, 140 William St",,Melbourne,Vic,3000,,,,,,,,accounts@locsm.com.au,Work 86691311,,,,accounts@locsm.com.au,,,,,,,,,,,,,,,,,,,,,,
rps_lng-HDO19003549,,Domtech Australia,,12A,,Redland Drive,,Mitcham,VIC,3132,,,,,,,,service@domtech.com.au,,,Home 9872 6850,,service@domtech.com.au,,,,,,,,,,,,,,,,,,,,,,
rps_lng-CVA21001971,,OCP10864 - Chee Bui Choong,,2/57,,Eglington Street,,MOONEE PONDS,VIC,3039,,,,,,,,,,,,,,,,,,,,,,,,,,,,,,,,,,,
rps_lng-HDO19001423,,Australian Body Corporate,,,,PO Box 278,Doncaster Heights,,VIC,3109,,,,,,,,admin@ausbodycorp.com.au,Work 0384188787,,,,admin@ausbodycorp.com.au,,,,,,,,,,,,,,,,,,,,,,
rps_lng-HDO22002004,,Jim's Building Inspections (Balwyn),,1,,1-3 Albert Street,,Blackburn,VIC,3130,,,,,,,,balwyn@jimsbuildinginspections.com.au,,,Mobile 0417 006 617,,balwyn@jimsbuildinginspections.com.au,,,,,,,,,,,,,,,,,,,,,,
rps_lng-HDO18000912,,Exopest Pty Ltd,,80-86,,Buckhurst Street,,South Melbourne,,3205,,,,,,,,info@exopest.com.au,Work (03) 8696 9000,,,,info@exopest.com.au,,,,,,,,,,,,,,,,,,,,,,
rps_lng-HDO19002409,,RACV Insurance.,,,,,,,,,,,,,,,,HomeServAdmin@racv.com.au,,,,,HomeServAdmin@racv.com.au,,,,,,,,,,,,,,,,,,,,,,
rps_lng-HDO23000139,,Jim's Mowing (Hillside),,,,Faircroft Drive,,Brookfield,VIC,3338,,,,,,,,scott.cain@jimsmowing.net,,,Mobile 0418 612 155,,scott.cain@jimsmowing.net,,,,,,,,,,,,,,,,,,,,,,
rps_lng-HDO19001076,,All Property Plumbing Pty Ltd,,,,PO Box 2727,Mount Waverley,,,,,,,,,,,service@allpropertyplumbing.com.au,,,,,service@allpropertyplumbing.com.au,,,,,,,,,,,,,,,,,,,,,,
rps_lng-HDO19001513,,Quantum United Management Pty Ltd,,,,"Suite 4, Level 1",100 Overton Rd,,Williams Landing,,,,,,,,,info@quantumunited.com.au,Work 83608800,,Fax 83608899,,info@quantumunited.com.au,,,,,,,,,,,,,,,,,,,,,,
rps_lng-CVA21002586,,Hive Strata,,,,PO Box 1703,,PRESTON SOUTH,VIC,3072,,,,,,,,,,,,,,,,,,,,,,,,,,,,,,,,,,,
rps_lng-HDO19001095,,City of Boroondara,,,,,,,,,,,,,,,,boroondara@boroondara.vic.gov.au,Work 92784444,,,,boroondara@boroondara.vic.gov.au,,,,,,,,,,,,,,,,,,,,,,
rps_lng-HDO19001597,,Guardian Locksmiths,,2,,Netherton Place,Caroline Springs VIC 3023,,,,,,,,,,,guardianlocksmiths@gmail.com,,,,,guardianlocksmiths@gmail.com,,,,,,,,,,,,,,,,,,,,,,
rps_lng-HDO23000471,,Jim's Antennas (Greenvale),,19,,Riviera Dr,,Hillside,VIC,3037,,,,,,,,nader.faltas@jimsantennas.com.au,,,Mobile 0402 956 100,,nader.faltas@jimsantennas.com.au,,,,,,,,,,,,,,,,,,,,,,
rps_lng-VAD21000019,,Propper Maintenance Pty Ltd,,Suite 3,,Level 2/118 Devonshire,,Surry Hills,NSW,2010,,,,,,,,longview@proppermaintenance.com.au,Work 1300 622 748,,,,longview@proppermaintenance.com.au,,,,,,,,,,,,,,,,,,,,,,
rps_lng-VAD21000045,,BS Electrical Pty Ltd,,6/8,,Enterprise Dr,,Rowville,VIC,3178,,,,,,,,samantha@bselectric.com.au,,,,,samantha@bselectric.com.au,,,,,,,,,,,,,,,,,,,,,,
rps_lng-HDO22002507,,Nationwide Property Servicing Pty Ltd,,12,,Barringun Crescent,,Clayton South,VIC,3169,,,,,,,,info@nationwideconstruction.com.au,Work 9512 8015,,Mobile 0409 183 737,,info@nationwideconstruction.com.au,,,,,,,,,,,,,,,,,,,,,,
rps_lng-DRE21000033,,Point Cook Door Service Pty Ltd,,7,,Water Stone Cove,,Point Cook,VIC,3030,,,,,,,,admin@pointcookdoorservice.com.au,Work 03 9395 9439,,,,admin@pointcookdoorservice.com.au,,,,,,,,,,,,,,,,,,,,,,
rps_lng-HDO19001496,,Moreland City Council,,,,Locked Bag 10,Moreland,,Vic,3058,,,,,,,,bmarasco@moreland.vic.gov.au,Work 9240 1111,,,,bmarasco@moreland.vic.gov.au,,,,,,,,,,,,,,,,,,,,,,
rps_lng-CVA21004237,,Fix 'N' Chips Inner Melbourne,,,,,,,,,,,,,,,,innermelbourne@fixnchips.com.au,,,Mobile 0413 586 693,,innermelbourne@fixnchips.com.au,,,,,,,,,,,,,,,,,,,,,,
rps_lng-HDO22002848,,Margelis Co. Cleaning,,51,,Reema Boulevard,,Endeavour Hills,VIC,3802,,,,,,,,emiliamargelis@gmail.com,,,Mobile 0410 118 135,,emiliamargelis@gmail.com,,,,,,,,,,,,,,,,,,,,,,
rps_lng-CVA21002453,,Frontline Locksmiths,,59,,Mundara Drive,,RINGWOOD,VIC,3134,,,,,,,,admin@frontlinelocksmiths.com.au,Work 03 8827 0800,,,,admin@frontlinelocksmiths.com.au,,,,,,,,,,,,,,,,,,,,,,
rps_lng-HDO19001325,Levies,MBCM - BPAY,,,,,,,,,,,,,,,,info@mbcmfootscray.com.au,Work 93178265,,,,info@mbcmfootscray.com.au,,,,,,,,,,,,,,,,,,,,,,
rps_lng-HDO20000602,,Cornerstone Property Group,,16/345,,Plummer Street,,Port Melbourne,VIC,3207,,,,,,,,info@cornerstonepg.com.au,Work 1300 945 116,,Mobile 0431 219 179,,info@cornerstonepg.com.au,,,,,,,,,,,,,,,,,,,,,,
rps_lng-HDO19006017,,Leaftop Garden & Property Services Pty Ltd,,,,,,,,,,,,,,,,accounts@leaftop.com.au,,,Mobile 0407 686 910,,accounts@leaftop.com.au,,,,,,,,,,,,,,,,,,,,,,
rps_lng-HDO17002839,,Patterson Locksmiths Pty Ltd,,,,,,,,,,,,,,,,accounts@pattersonlocksmiths.com.au,,,Mobile 1300 061 730,,accounts@pattersonlocksmiths.com.au,,,,,,,,,,,,,,,,,,,,,,
rps_lng-HDO20001930,,Melbourne Heating & Airconditioning Repairs,,52-60,,Factory Drive,,Tullamarine,VIC,3043,,,,,,,,bookings@melbair.com.au,Work 1300 655 708,,,,bookings@melbair.com.au,,,,,,,,,,,,,,,,,,,,,,
rps_lng-HDO22001401,,High And Low Home Maintenance,,,,,,,,,,,,,,,,highandlowmaintenance@hotmail.com,,,Mobile 0457001861,,highandlowmaintenance@hotmail.com,,,,,,,,,,,,,,,,,,,,,,
rps_lng-HDO22002879,,SMS Property Maintenance Australia Pty Ltd,,161,,Sturt Street,,Southbank,VIC,3006,,,,,,,,steven@smspm.au,,,,,steven@smspm.au,,,,,,,,,,,,,,,,,,,,,,
rps_lng-JAM22000014,,Frankly Plumbing Pty Ltd,,,,PO BOX 145,,Coburg,VIC,3058,,,,,,,,info@franklyplumbing.com.au,Work 03 9000 9272,,,,info@franklyplumbing.com.au,,,,,,,,,,,,,,,,,,,,,,
rps_lng-HDO13000942,,1. Fixed Plumbing & Gasfitting,,,,PO Box 238,,Seaford,Vic,3198,,,,,,,,fixed.plumbing@bigpond.com,,,Fax 03 9786 8143,,fixed.plumbing@bigpond.com,,,,,,,,,,,,,,,,,,,,,,
rps_lng-HDO19004776,,OC Pride,,,,PO Box 496,,Williamstown,VIC,3016,,,,,,,,antionette@ocpride.com.au,,,Mobile 0421 085 305,,antionette@ocpride.com.au,,,,,,,,,,,,,,,,,,,,,,
rps_lng-CVA21001986,,Patterson Locksmith,,,,P.O. Box 2235,,RINGWOOD NORTH,VIC,3134,,,,,,,,tom@pattersonlocksmiths.com.au,,,Mobile 0411 555 596,,tom@pattersonlocksmiths.com.au,,,,,,,,,,,,,,,,,,,,,,
rps_lng-HDO21002221,,Handy Nadz,,,,,,South Morang,VIC,3752,,,,,,,,handynadz@outlook.com,,,Mobile 0403711014,,handynadz@outlook.com,,,,,,,,,,,,,,,,,,,,,,
rps_lng-CVA21001816,,Shillinglaw Home Maintenance,,168,,Danks Street,,ALBERT PARK,VIC,3206,,,,,,,,psh29941@bigpond.net.au,,,Mobile 0416 031 060 Fax 0423 321 215,,psh29941@bigpond.net.au,,,,,,,,,,,,,,,,,,,,,,
rps_lng-CVA21002250,,NRL Building & Property Maintenance (Nick Leith),,11,,Pesaro Place,,POINT COOK,VIC,3030,,,,,,,,leithn@iprimus.com.au,,,,,leithn@iprimus.com.au,,,,,,,,,,,,,,,,,,,,,,
rps_lng-HDO23002199,,AstroTec Communications Pty Ltd,,28-30,,Kingsley Cloe,,Rowville,VIC,3178,,,,,,,,admin@astrotec.com.au,,,,,admin@astrotec.com.au,,,,,,,,,,,,,,,,,,,,,,
rps_lng-HDO19002137,,Natural Pest Control,,,,PO BOX 2167,Taylors Lakes VIC 3038,,,,,,,,,,,,Work 1800 067 711,,Fax 0393906566,,,,,,,,,,,,,,,,,,,,,,,,
rps_lng-HDO19004177,,Elite Property Service,,,,,,,,,,,,,,,,craig@elitepropertyservice.com.au,,,Mobile 0422 276 266,,craig@elitepropertyservice.com.au,,,,,,,,,,,,,,,,,,,,,,
rps_lng-JAM22000013,,Constant Air Con Service,,19/32,,Silkwood Rise,,Carrum Downs,VIC,3201,,,,,,,,accounts@constanthvac.com.au,Work 0402 635 007,,,,accounts@constanthvac.com.au,,,,,,,,,,,,,,,,,,,,,,
rps_lng-HDO19002418,,City of Monash,,293,,Springvale Road,,Glen Waverley,VIC,3150,,,,,,,,mail@monash.vic.gov.au,Work 95183555,,,,mail@monash.vic.gov.au,,,,,,,,,,,,,,,,,,,,,,
rps_lng-HDO19002224,,MICM Property Owners Corporation,,178,,City Road,,Southbank,VIC,3006,,,,,,,,info@micm.com.au,Work 9697 8888,,,,info@micm.com.au,,,,,,,,,,,,,,,,,,,,,,
rps_lng-CVA21001869,,Plumbing Force,,21,,Hartley Road,,WONGA PARK,VIC,3115,,,,,,,,plumber@plumbingforce.com.au,Work 9722 2178,,Mobile 0418 387 078 Fax 9722 2460,,plumber@plumbingforce.com.au,,,,,,,,,,,,,,,,,,,,,,
rps_lng-CVA21001890,,SM & JA Taylor Appliance Services,,21,,Gymkhana Court,,ENDEAVOUR HILLS,VIC,3802,,,,,,,,sta33533@bigpond.net.au,,,,,sta33533@bigpond.net.au,,,,,,,,,,,,,,,,,,,,,,
rps_lng-HDO19001338,,Network Pacific  PS629585,,,,"Building 5, 303 Burwood Highway",,Burwood East,VIC,3151,,,,,,,,INFO@NETWORKPACIFIC.COM.AU,,,,,INFO@NETWORKPACIFIC.COM.AU,,,,,,,,,,,,,,,,,,,,,,
rps_lng-HDO19001344,,Omega Security Solutions,,256,,Hyde Street,Yarraville,,Vic,3013,,,,,,,,omega@omegacorp.com.au,Work 96893488,,,,omega@omegacorp.com.au,,,,,,,,,,,,,,,,,,,,,,
rps_lng-HDO10001910,,Origin Energy Electricity,,,,Private Bag 14825,,Melbourne,Vic,8001,,,,,,,,eftstatements@originenergy.com.au,,,,,eftstatements@originenergy.com.au,,,,,,,,,,,,,,,,,,,,,,
rps_lng-CVA21001805,,City of Darebin,,,,GPO Box 60A,,MELBOURNE,VIC,3001,,,,,,,,mailbox@darebin.vic.gov.au,,,,,mailbox@darebin.vic.gov.au,,,,,,,,,,,,,,,,,,,,,,
rps_lng-SAN22000248,,Eureka Tower - PS 437659C,,7,,Riverside Quay,,Southbank,VIC,3006,,,,,,,,g.coleman@eurekatower.com.au,,,,,g.coleman@eurekatower.com.au,,,,,,,,,,,,,,,,,,,,,,
rps_lng-SAN22000052,,Milford Arch Pty Ltd,,,,30 Derwent Road,,Werribee,VIC,3030,,,,,,,,milfordarch@hotmail.com,,,Mobile 0412 210 593,,milfordarch@hotmail.com,,,,,,,,,,,,,,,,,,,,,,
rps_lng-CVA21001889,98151650,Investa Projects Victoria - BLINDS,,,,PO Box 173,,HAWTHORN,VIC,3122,,,,,,,,jobrequest@investaprojects.com,,,Mobile 0413 516 616 Fax 9815 1654 Home 98151650,,jobrequest@investaprojects.com,,,,,,,,,,,,,,,,,,,,,,
rps_lng-HDO12001444,,Body Corporate Guardians Pty Ltd,,,,"DEFT Payment Systems
GPO Box 2174",,Melbourne,Vic,3001,,,,,,,,admin@bodycorporateguardians.com.au,,,Fax 03 9521 5300,,admin@bodycorporateguardians.com.au,,,,,,,,,,,,,,,,,,,,,,
rps_lng-HDO23000141,,Smarter Heating and Cooling,,18,,Drake Blvd,,Altona,VIC,3018,,,,,,,,admin@smartercare.com.au,Work 1300 754 090,,,,admin@smartercare.com.au,,,,,,,,,,,,,,,,,,,,,,
rps_lng-HDO23002073,,Jim's Mowing (Maribyrnong),,97-99,,RALEIGH RD,,Maribyrnong,VIC,3032,,,,,,,,muhammad.farooq@jimsmowing.net,,,Mobile 0490 385 345,,muhammad.farooq@jimsmowing.net,,,,,,,,,,,,,,,,,,,,,,
rps_lng-HDO19002600,,Iconic Strata,,,,P O Box 2623,,Ringwood North,VIC,3134,,,,,,,,info@iconicstrata.com.au,,,,,info@iconicstrata.com.au,,,,,,,,,,,,,,,,,,,,,,
rps_lng-HDO15002868,,Strata Plan Pty Ltd,,,,Level 13 / 222 Kings Way,,South Melbourne,Vic,3205,,,,,,,,info@strataplan.com.au,,,,,info@strataplan.com.au,,,,,,,,,,,,,,,,,,,,,,
rps_lng-HDO22002894,,DLK Electrical Solutions,,,,,,,,,,,,,,,,dlkelectricalsolutions@gmail.com,,,Mobile 0418855928,,dlkelectricalsolutions@gmail.com,,,,,,,,,,,,,,,,,,,,,,
rps_lng-SAN21000109,,Total Plumbing and Gas Fitting,,,,PO Box 3133,,Caroline Springs,VIC,3023,,,,,,,,lisa@totalplumbing.net.au,,,Mobile 0418 550 372,,lisa@totalplumbing.net.au,,,,,,,,,,,,,,,,,,,,,,
rps_lng-HDO11001512,,Body Corporate Services,,,,Level 14/575 Bourke Steet,,Melbourne,Vic,3000,,,,,,,,bcs_melbourne@bcssm.com.au,Work 1300880227,,Fax 96161698,,bcs_melbourne@bcssm.com.au,,,,,,,,,,,,,,,,,,,,,,
rps_lng-HDO12001477,,City of Stonnington,,,,GPO Box 4684,,Melbourne,Vic,3001,,,,,,,,rates@stonnington.vic.gov.au,,,,,rates@stonnington.vic.gov.au,,,,,,,,,,,,,,,,,,,,,,
rps_lng-HDO19001219,,Avanti Services,,,,"PO Box 2061, Lalor Plaza",Lalor VIC 3075,,,,,,,,,,,avantiremotes@bigpond.com,,,,,avantiremotes@bigpond.com,,,,,,,,,,,,,,,,,,,,,,
rps_lng-CVA21002238,,KPS Plumbing Services,,32,,Thorseby Grove,,IVANHOE,VIC,3079,,,,,,,,chris@kingsfordps.com.au,,,Mobile 0438 590 286,,chris@kingsfordps.com.au,,,,,,,,,,,,,,,,,,,,,,
rps_lng-WES21000021,,Alpha Air Pty Ltd,,6/,,310-312 Governor Rd,,Braeside,VIC,3195,,,,,,,,info@alpha-air.com.au,Work 95803983,,,,info@alpha-air.com.au,,,,,,,,,,,,,,,,,,,,,,
rps_lng-HDO19003293,,Madeo Plumbing,,,,PO BOX 1140,,Altona Meadows,VIC,3028,,,,,,,,callups@madeogroup.com.au,Work 8360 3136,,Mobile 0402 163 197,,callups@madeogroup.com.au,,,,,,,,,,,,,,,,,,,,,,
rps_lng-CVA21002487,,Mr Antenna Trading Pty Ltd,,,,Po Box 934,,SOUTH MELBOURNE,VIC,3205,,,,,,,,bookings@themrgroup.com.au,,,,,bookings@themrgroup.com.au,,,,,,,,,,,,,,,,,,,,,,
rps_lng-HDO22003546,,MICM Property - ABA,,,,-,,,,,,,,,,,,,,,,,,,,,,,,,,,,,,,,,,,,,,,
rps_lng-HDO12001472,,City of Port Phillip,,,,Private Bag 3,,St Kilda,Vic,3182,,,,,,,,helprate@portphillip.vic.gov.au,,,,,helprate@portphillip.vic.gov.au,,,,,,,,,,,,,,,,,,,,,,
rps_lng-HDO19001790,,Essential Community,,,,,,,,,,,,,,,,info@essentialcommunity.com.au,,,,,info@essentialcommunity.com.au,,,,,,,,,,,,,,,,,,,,,,
rps_lng-HDO19001893,,Altona Appliance Repairs,,,,PO BOX 286,Altona North VIC 3025,,,,,,,,,,,joebilotta1@bigpond.com,,,Fax 9315 7631,,joebilotta1@bigpond.com,,,,,,,,,,,,,,,,,,,,,,
rps_lng-HDO22001433,,SGM Property Solutions,,,,,,,,,,,,,,,,sgmpropertysolutions@hotmail.com,,,,,sgmpropertysolutions@hotmail.com,,,,,,,,,,,,,,,,,,,,,,
rps_lng-HDO22001491,,IMaintenance Group Pty Ltd,,137,,Melville Rd,,Brunswick West,VIC,3055,,,,,,,,info@imaintenancegroup.com.au,Work 03 9386 2650,,,,info@imaintenancegroup.com.au,,,,,,,,,,,,,,,,,,,,,,
rps_lng-HDO07003797,,South East Water,,,,Locked Bag 1,,Heatherton,Vic,3202,,,,,,,,support@sew.com.au,,,,,support@sew.com.au,,,,,,,,,,,,,,,,,,,,,,
rps_lng-HDO19001716,,Strata Plan,,,,Level 13/222 Kingsway,,South Melbourne,VIC,3205,,,,,,,,info@strataplan.com.au,Work 1300 278 728,,,,info@strataplan.com.au,,,,,,,,,,,,,,,,,,,,,,
rps_lng-HDO23001228,,Spotlight Pty Ltd,,111,,Cecil St,,South Melbourne,VIC,3205,,,,,,,,m2menquiries@spotlight.com.au,,,,,m2menquiries@spotlight.com.au,,,,,,,,,,,,,,,,,,,,,,
rps_lng-HDO19001332,,McKIE PROPERTY MANAGEMENT,,,,P O Box 140,Niddrie,,Vic,3042,,,,,,,,admin@mckiegroup.com.au,Work 9338 4728,,,,admin@mckiegroup.com.au,,,,,,,,,,,,,,,,,,,,,,
rps_lng-HDO19004396,,DJS Melbourne Plumbing Solutions,,14,,Commercial Drive,,Thomastown,VIC,3074,,,,,,,,orders@djsmps.com.au,Work 03 8456 0507,,,,orders@djsmps.com.au,,,,,,,,,,,,,,,,,,,,,,
rps_lng-HDO13002453,,Abell Maintenance Pty Ltd,,30,,Owen Street,,Boronia,VIC,3155,,,,,,,,abellmaintenance@gmail.com,,,Mobile 0402 421 031,,abellmaintenance@gmail.com,,,,,,,,,,,,,,,,,,,,,,
rps_lng-HDO19001761,,Bayside City Council,,76,,Royal Avenue,Sandringham,,Vic,3191,,,,,,,,,Work 9599444,,Fax 95984474,,,,,,,,,,,,,,,,,,,,,,,,
rps_lng-HDO20000501,,GM Pest Solutions,,4/2-6,,Wanrua Street,,Cheltenham,VIC,3192,,,,,,,,gavin@gmpestsolutions.com.au,,,,,gavin@gmpestsolutions.com.au,,,,,,,,,,,,,,,,,,,,,,
rps_lng-HDO20002103,,Termicon Pty Ltd ATF,,86,,,,Brunswick East,VIC,3057,,,,,,,,accounts@termicon.com.au,,,,,accounts@termicon.com.au,,,,,,,,,,,,,,,,,,,,,,
rps_lng-HDO23001198,,Perfect TV Picture,,,,,,,,,,,,,,,,sales@antennastoday.com.au,,,Mobile 0409 888 228,,sales@antennastoday.com.au,,,,,,,,,,,,,,,,,,,,,,
rps_lng-HDO20001090,,Orb Lock Company,,,,P.O. Box 114,,Prahran,VIC,3181,,,,,,,,,,,,,,,,,,,,,,,,,,,,,,,,,,,
rps_lng-HDO19006010,,J T GARDENS AND MAINTENANCE,,,,PO Box 4378,,Hoppers Crossing,VIC,3029,,,,,,,,info@jtgardens.com.au,,,Mobile 0409198548,,info@jtgardens.com.au,,,,,,,,,,,,,,,,,,,,,,
rps_lng-HDO14002417,,VBCS,,,,"DEFT Payment Systems
GPO Box 2174",,Melbourne,Vic,3001,,,,,,,,levies@vbcs.com.au,,,,,levies@vbcs.com.au,,,,,,,,,,,,,,,,,,,,,,
rps_lng-HDO21001446,,D.W. & A.E. BRIGHAM PTY LTD,,,,PO Box 210,,Emerald,VIC,3782,,,,,,,,michael@brighamplumbing.com.au,Work 0401 268 197,,Mobile 0408 549 145 Home 0418 324 995,,michael@brighamplumbing.com.au,,,,,,,,,,,,,,,,,,,,,,
rps_lng-HDO20000267,,Browns Body Corporate Mgt,,264D,,Doncaster Road,,Balwyn North,VIC,3104,,,,,,,,info@brownsbodycorp.com.au,,,,,info@brownsbodycorp.com.au,,,,,,,,,,,,,,,,,,,,,,
rps_lng-HDO22003144,,Hycleaning Services Pty Ltd,,19,,Scott Gr,,Kingsbury,VIC,3083,,,,,,,,andyjtb@hotmail.com,,,Mobile 0425 666 628,,andyjtb@hotmail.com,,,,,,,,,,,,,,,,,,,,,,
rps_lng-HDO23002090,,SL Fencing,,96,,Ashley Street,,Maidstone,VIC,3012,,,,,,,,,,,Mobile 0417 103 539,,,,,,,,,,,,,,,,,,,,,,,,
rps_lng-CVA21001882,,AirMac Solutions,,1/43,,Cluden Street,,BRIGHTON EAST,VIC,3187,,,,,,,,joel@airmacsolutions.com.au,,,Mobile 0418 363 927,,joel@airmacsolutions.com.au,,,,,,,,,,,,,,,,,,,,,,
rps_lng-CVA21002031,,Origin Energy Electricity,,,,GPO Box 1199,ADELAIDE,SA,,5001,,,,,,,,,,,,,,,,,,,,,,,,,,,,,,,,,,,
rps_lng-HDO21001573,,Aquatek Plumbing Services,,1/25,,Peel Street,,Eltham,VIC,3095,,,,,,,,aquatekplumbing@outlook.com,,,Mobile 0430 538 478,,aquatekplumbing@outlook.com,,,,,,,,,,,,,,,,,,,,,,
rps_lng-HDO19002941,Werribee,Fox Mowing & Gardening,,,,PO BOX 661,,Werribee,VIC,3030,,,,,,,,paulm@foxmowing.com.au,,,,,paulm@foxmowing.com.au,,,,,,,,,,,,,,,,,,,,,,
rps_lng-HDO19001847,,Plum Heating and Cooling,,4/22-30,,Wallace Ave,Point Cook,,VIC,3030,,,,,,,,contact@plumheatcool.com.au,Work 0383609622,,,,contact@plumheatcool.com.au,,,,,,,,,,,,,,,,,,,,,,
rps_lng-HDO19001307,,Hume City Council,,,,P O Box 119,Dallas,,Vic,3047,,,,,,,,contactus@hume.vic.gov.au,Work 92052200,,,,contactus@hume.vic.gov.au,,,,,,,,,,,,,,,,,,,,,,
rps_lng-HDO19001198,,Tideways Property Management,,,,P O Box 1027,Caufield North,,Vic,3161,,,,,,,,max.hampel@tideways.com.au,Work 90016632,,,,max.hampel@tideways.com.au,,,,,,,,,,,,,,,,,,,,,,
rps_lng-HDO23002295,National Credit Management Ltd,NCML,,,,,,,,,,,,,,,,contact@ncml.com.au,,,,,contact@ncml.com.au,,,,,,,,,,,,,,,,,,,,,,
rps_lng-HDO22000626,,Unison Property Corporation Pty Ltd,,,,-,,,,,,,,,,,,,,,,,,,,,,,,,,,,,,,,,,,,,,,
rps_lng-HDO21000784,,Longview Project Management,,,,,,,,,,,,,,,,accounts@longview.com.au,,,,,accounts@longview.com.au,,,,,,,,,,,,,,,,,,,,,,
rps_lng-HDO20001456,,Melb OC,,37/431,,St Kilda Road,,Melbourne,VIC,3004,,,,,,,,oc@melboc.com.au,,,,,oc@melboc.com.au,,,,,,,,,,,,,,,,,,,,,,
rps_lng-HDO17001355,,E-Lift Pty Ltd,,2,,Higinbotham Rise,,Berwick,VIC,3806,,,,,,,,michael.ling@elift.com.au,,,Mobile 0412 166 215,,michael.ling@elift.com.au,,,,,,,,,,,,,,,,,,,,,,
rps_lng-HDO19001078,,All West Mobile Locksmiths,,14,,Dorrington Street,Point Cook,,Vic,3030,,,,,,,,allwestlock@gmail.com,,,Mobile 0411484552 Fax 03 395 6911,,allwestlock@gmail.com,,,,,,,,,,,,,,,,,,,,,,
rps_lng-JAM20000164,,Nonstop Locksmiths,,,,,,,,,,,,,,,,info@nonstoplocksmiths.com.au,Work 0418 444 166,,,,info@nonstoplocksmiths.com.au,,,,,,,,,,,,,,,,,,,,,,
rps_lng-HDO16001050,,Surelec Electricians,,8-12,,Greenwood Street,,Abbotsford,vic,3067,,,,,,,,sales@surelec.com.au,Work 9416 4425,,,,sales@surelec.com.au,,,,,,,,,,,,,,,,,,,,,,
rps_lng-HDO17002776,,Bluestone Owners Corp - BPAY,,,,PO Box 8633,,Armadale,Vic,3143,,,,,,,,info@bluestoneocm.com.au,,,,,info@bluestoneocm.com.au,,,,,,,,,,,,,,,,,,,,,,
rps_lng-HDO17001376,,City of Whittlesea,,,,Locked Bag 1,,Bundoora,VIC,3083,,,,,,,,info@whittlesea.vic.gov.au,,,,,info@whittlesea.vic.gov.au,,,,,,,,,,,,,,,,,,,,,,
rps_lng-CVA21002421,,Flood Restoration Melbourne,,499,,Nicholson Street,,CARLTON NORTH,VIC,3054,,,,,,,,info@floodrestoration.melbourne,,,,,info@floodrestoration.melbourne,,,,,,,,,,,,,,,,,,,,,,
rps_lng-VAD21000062,,Easy Living Services,,64,,Penshurt Street,,Willoughby,NSW,2068,,,,,,,,service@easy-living.com.au,,,Home 90948600,,service@easy-living.com.au,,,,,,,,,,,,,,,,,,,,,,
rps_lng-HDO21001478,,New Horizons Garden,,2,,Ella Court,,Narre Warren,VIC,3805,,,,,,,,ben@newhorizongardens.com.au,,,Mobile 0413 257 747 Home 99999999,,ben@newhorizongardens.com.au,,,,,,,,,,,,,,,,,,,,,,
rps_lng-COS19000051,,Our Air Airconditioning,,4,,71 Frankston Gardens,,Carrum Downs,VIC,3201,,,,,,,,nicole@ourair.com.au,Work 9770 8879,,,,nicole@ourair.com.au,,,,,,,,,,,,,,,,,,,,,,
rps_lng-HDO20002148,,Nelson Alexander,,846,,Bourke Street,,Docklands,VIC,3008,,,,,,,,,,,,,,,,,,,,,,,,,,,,,,,,,,,
rps_lng-HDO19001304,,Hobsons Bay City Council,,115,,Civic Parade,Altona,,Vic,3018,,,,,,,,customerservice@hobsonsbay.vic.gov.au,Work 9932 1000,,,,customerservice@hobsonsbay.vic.gov.au,,,,,,,,,,,,,,,,,,,,,,
rps_lng-HDO21001704,,PNK Property Maintenance,,44,,Scarborough Drive,,Patterson Lakes,VIC,3197,,,,,,,,enquiries@pnkmaintenance.com.au,Work 0474106225,,Mobile 0481049387,,enquiries@pnkmaintenance.com.au,,,,,,,,,,,,,,,,,,,,,,
rps_lng-HDO22004084,,Gate Gurus,,,,PO Box 3016,,Ripponlea,VIC,3185,,,,,,,,info@gategurus.com.au,,,Home 03 9052 4903,,info@gategurus.com.au,,,,,,,,,,,,,,,,,,,,,,
rps_lng-DRE19000076,,Orange Heating and Cooling,,,,,,,,,,,,,,,,info@orangeheatingandcooling.net,,,,,info@orangeheatingandcooling.net,,,,,,,,,,,,,,,,,,,,,,
rps_lng-CVA21001803,,2. Do All Appliances,,34,,Bignell Road,,MOORABBIN,VIC,3189,,,,,,,,bookings@doallappliances.com.au,,,Fax 9553 0708,,bookings@doallappliances.com.au,,,,,,,,,,,,,,,,,,,,,,
rps_lng-HDO19001160,,Cest La Vie Cleaning,,,,PO Box 159,,,,,,,,,,,,cestlaviecleaning@yahoo.com.au,Work 0420232864,,,,cestlaviecleaning@yahoo.com.au,,,,,,,,,,,,,,,,,,,,,,
rps_lng-HDO19001283,,Detector Inspector,,,,P O Box 542,Elsternwick,,Vic,3185,,,,,,,,jobs@detectorinspector.com.au,Work 1300 134563,,Fax 9532 8894,,jobs@detectorinspector.com.au,,,,,,,,,,,,,,,,,,,,,,
rps_lng-HDO16002429,,Chromagen,,17-23,,Redwood Drive,,Dingley,Vic,3172,,,,,,,,,,,,,,,,,,,,,,,,,,,,,,,,,,,
rps_lng-CVA21001874,,Eastern Garage Door Services,,,,P.O. Box 147,,PARK ORCHARDS,VIC,3114,,,,,,,,sales@easterngaragedoors.com.au,,,Mobile 0411 129 615,,sales@easterngaragedoors.com.au,,,,,,,,,,,,,,,,,,,,,,
rps_lng-DRE22000009,,Hutt Electrical Pty Ltd,,Factory 8/43-,,Vinter Road,,Croydon,VIC,3136,,,,,,,,info@huttelectrical.com.au,,,Mobile 0411 300 772,,info@huttelectrical.com.au,,,,,,,,,,,,,,,,,,,,,,
rps_lng-HDO21001981,,Araysa Building Maintenance,,88A,,Lorimer Street,,Port Melbourne,VIC,3207,,,,,,,,info@araysa.com.au,Work 1300 272 972,,Mobile 0407 939 367,,info@araysa.com.au,,,,,,,,,,,,,,,,,,,,,,
rps_lng-HDO23001438,,The Pest Professionals Dawson's Australia,,,,,,,,,,,,,,,,accounts@dawsonspest.com.au,,,,,accounts@dawsonspest.com.au,,,,,,,,,,,,,,,,,,,,,,
rps_lng-HDO19001746,,AAA Glass,,67,,Sharps Rd Tullamarine 3043,"Postal: PO Box 216, Tullamarin",,3043,,,,,,,,,enquiries@aaaglass.com.au,Work 93381281,,Fax 93380096,,enquiries@aaaglass.com.au,,,,,,,,,,,,,,,,,,,,,,
rps_lng-HDO22002691,,At Temp Refrigeration,,11/11,,Brand Drive,,Thomastown,VIC,3074,,,,,,,,attemprefrigeration@gmail.com,,,,,attemprefrigeration@gmail.com,,,,,,,,,,,,,,,,,,,,,,
rps_lng-HDO19001895,,AMG Air Conditioning,,64,,Colorado Crescent,Rowville VIC 3178,,,,,,,,,,,amgair@amgair.com.au,Work 0419 297 331,,Fax 9764 8474,,amgair@amgair.com.au,,,,,,,,,,,,,,,,,,,,,,
rps_lng-HDO22004315,,Local Melbourne Roof Plumbers,,,,PO Box 10,,Coburg,VIC,3058,,,,,,,,admin@melbourneroofplumbers.com.au,,,Mobile 0429 999 690,,admin@melbourneroofplumbers.com.au,,,,,,,,,,,,,,,,,,,,,,
rps_lng-CVA21002500,Caroline Springs,Tile Rescue,,62,,Ardlie Street,,ATTWOOD,VIC,3049,,,,,,,,carolinesprings@tilerescue.com.au,,,,,carolinesprings@tilerescue.com.au,,,,,,,,,,,,,,,,,,,,,,
rps_lng-HDO07003843,,DEFT Payment Systems,,,,GPO Box 2174,,Melbourne,Vic,3001,,,,,,,,,,,Fax 97961494,,,,,,,,,,,,,,,,,,,,,,,,
rps_lng-HDO17002817,,Rinnai Australia Pty Ltd,,,,PO Box 280,,Braeside,Vic,3195,,,,,,,,1stcareinvoice@rinnai.com.au,,,,,1stcareinvoice@rinnai.com.au,,,,,,,,,,,,,,,,,,,,,,
rps_lng-HDO20002016,,JB Fencing,,27,,Rokeby Crs,,Craigieburn,VIC,3064,,,,,,,,jamie@jbfencing.com.au,,,,,jamie@jbfencing.com.au,,,,,,,,,,,,,,,,,,,,,,
rps_lng-HDO21000430,,A Grade Maintenance Service Pty Ltd,,,,,,,,,,,,,,,,,Work 1300 208 262,,,,,,,,,,,,,,,,,,,,,,,,,,
rps_lng-HDO19001497,,Mould Doctor,,,,PO BOX 190,Bentleigh,,VIC,3204,,,,,,,,info@themoulddoctor.com.au,Work 1300 944 595,,,,info@themoulddoctor.com.au,,,,,,,,,,,,,,,,,,,,,,
rps_lng-HDO19002574,,Investa Projects Vic Pty Ltd,,,,PO Box 173,,Hawthorn,Vic,3122,,,,,,,,enquiries@investaprojects.com,Work 9815 1650,,,,enquiries@investaprojects.com,,,,,,,,,,,,,,,,,,,,,,
rps_lng-HDO21003088,,Raine & Horne Glenroy,,813,,Pascoe Vale Road,,Glenroy,VIC,3046,,,,,,,,body.corp@glenroy.rh.com.au,Work 9306 3999,,,,body.corp@glenroy.rh.com.au,,,,,,,,,,,,,,,,,,,,,,
rps_lng-SAN21000073,,Bersih Co,,1102/580,,Collins Street,,Melbourne,VIC,3000,,,,,,,,admin@bersihco.com.au,Work +61411312628,,,,admin@bersihco.com.au,,,,,,,,,,,,,,,,,,,,,,
rps_lng-HDO20001077,,Bendigo Bank Insurance,,,,-,,,,,,,,,,,,,,,,,,,,,,,,,,,,,,,,,,,,,,,
rps_lng-HDO19001388,,AGG Doors,,11/17-23,,Keppel Drive,,Hallam,VIC,3803,,,,,,,,admin@aggdoors.com.au,Work 9799 1999,,,,admin@aggdoors.com.au,,,,,,,,,,,,,,,,,,,,,,
rps_lng-HDO22001410,,Jim's Flyscreens and Blinds (Alan Cossens),,24,,Lake View Drive,,Narre Warren,VIC,3805,,,,,,,,,,,Mobile 0433 864 637,,,,,,,,,,,,,,,,,,,,,,,,
rps_lng-CVA21002484,,Gentec Electrics,,137,,Wilson Boulevard,,RESERVOIR,VIC,3073,,,,,,,,matt@gentecelectrics.com.au,,,Mobile 0411 726 859,,matt@gentecelectrics.com.au,,,,,,,,,,,,,,,,,,,,,,
rps_lng-HDO19001389,,AGL Electricity,,,,Locked Bag 20024,Melbourne VIC 3001,,,,,,,,,,,customer.solutions@agl.com.au,Work 131 245,,,,customer.solutions@agl.com.au,,,,,,,,,,,,,,,,,,,,,,
rps_lng-DRE21000027,,Darebin Gas,,265,,Holt Parade,,Thomastown,VIC,3074,,,,,,,,admin@darebingas.com.au,Work 03 9463 1555,,,,admin@darebingas.com.au,,,,,,,,,,,,,,,,,,,,,,
rps_lng-DRE21000030,,Jim's Mowing,,,,,,,,,,,,,,,,shane.panczel@jimsmowing.net,,,Mobile 0404 430 303,,shane.panczel@jimsmowing.net,,,,,,,,,,,,,,,,,,,,,,
rps_lng-CVA21002539,,PorterVac Gutter Cleaning & Roofing,,6,,Rosemary Court,,MULGRAVE,VIC,3170,,,,,,,,service@portervac.com.au,,,Mobile 0408 902 793,,service@portervac.com.au,,,,,,,,,,,,,,,,,,,,,,
rps_lng-HDO16000995,,Platinum Strata Community Management,,,,"Suite 210,673 Latrobe Street",,Docklands,Vic,3008,,,,,,,,admin@pscm.com.au,,,,,admin@pscm.com.au,,,,,,,,,,,,,,,,,,,,,,
rps_lng-HDO19001147,,Melbourne Plumbing Group,,20B,,Rooks Road,,Nunawading,VIC,3131,,,,,,,,melbourneplumbinggroup-longview@imports.aroflo.com,Work 1300 116 486,,Mobile 0425 809 395,,melbourneplumbinggroup-longview@imports.aroflo.com,,,,,,,,,,,,,,,,,,,,,,
rps_lng-HDO17001359,,Strata Data Plan No. PS719210G,,,,-,,,,,,,,,,,,,,,,,,,,,,,,,,,,,,,,,,,,,,,
rps_lng-SAN21000079,,THIN HA Timber Flooring & Handyman Services,,,,,,,,,,,,,,,,kmcleaves@gmail.com,,,,,kmcleaves@gmail.com,,,,,,,,,,,,,,,,,,,,,,
rps_lng-HDO19001421,,Auburn Electrical Services,,,,P O Box 284,Kew East,,Vic,3102,,,,,,,,auburnelectrical@bigpond.com,,,Mobile 0419341052,,auburnelectrical@bigpond.com,,,,,,,,,,,,,,,,,,,,,,
rps_lng-CVA21002572,,Edward & Co Property Management,,,,Edward & Co Property Management,PO Box 209,BALACLAVA,VIC,3183,,,,,,,,info@edwardnco.com.au,,,,,info@edwardnco.com.au,,,,,,,,,,,,,,,,,,,,,,
rps_lng-HDO08001895,,Dom Tech Appliances,,12,,Redland Drive,,Mitcham,Vic,3132,,,,,,,,service@domtech.com.au,Work 9872 6850,,Fax 9872 6851,,service@domtech.com.au,,,,,,,,,,,,,,,,,,,,,,
rps_lng-HDO19001378,,Western Water,,,,P O Box 2371,Sunbury DC,,Vic,3429,,,,,,,,mail@westernwater.com.au,Work 1300 650422,,,,mail@westernwater.com.au,,,,,,,,,,,,,,,,,,,,,,
rps_lng-HDO19001749,,Access Strata Management Pty Ltd,,,,PO Box 380,Mitcham,,Vic,3132,,,,,,,,klair@accessstrata.com.au,Work 88727999,,,,klair@accessstrata.com.au,,,,,,,,,,,,,,,,,,,,,,
rps_lng-HDO18002052,,City West Locksmiths,,71,,John Street,,Werribee,Vic,3030,,,,,,,,joey@citywestlocksmiths.com.au,,,Mobile 0414930586,,joey@citywestlocksmiths.com.au,,,,,,,,,,,,,,,,,,,,,,
rps_lng-HDO18002075,,Pro Power Electrical & Data,,4/2A,,Brenbeal Street,,Balwyn,VIC,3103,,,,,,,,admin@pped.com.au,Work 1300 051 033,,,,admin@pped.com.au,,,,,,,,,,,,,,,,,,,,,,
