creditor_id,name,company_name,abn,address_unit,address_street_no,address_street_1,address_street_2,address_suburb,address_state,address_postcode,mailing_address_unit,mailing_address_street_no,mailing_address_street_1,mailing_address_street_2,mailing_address_suburb,mailing_address_state,mailing_address_postcode,preferred_email,preferred_phone,additional_emails,additional_phones,other_contact_info,preferred_comm_method,default_account_code,is_gst_exempt,is_priority,is_strata_creditor,strata_plan_number,strata_building_name,strata_self_managed,strata_building_street_no,strata_building_street_1,strata_building_street_2,strata_building_suburb,strata_building_state,strata_building_postcode,payment_method,cheque_pay_to,eft_account_name,eft_account_bsb,eft_account_no,bpay_reference,contact_[n]_id,contact_[n]_type,tag_[group name]
rps_lng-HDO19001782,,Electrolux,,,,,,,,,,,,,,,,contracts@electrolux.com.au,Work 131349,,,,contracts@electrolux.com.au,,,,,,,,,,,,,,,,,,,,,,
rps_lng-HDO19002680,,A To Z Glass,,8,,Taunton Avenue,,Oakleigh South,VIC,3167,,,,,,,,lozsteve@bigpond.net.au,,,,,lozsteve@bigpond.net.au,,,,,,,,,,,,,,,,,,,,,,
rps_lng-HDO12001538,,Carpet   World,,575,,Burwood Road,,Hawthorn,VIC,3122,,,,,,,,sales@carpetworld.net.au,,,Mobile 0418 336 884 Fax 03 9815 1011,,sales@carpetworld.net.au,,,,,,,,,,,,,,,,,,,,,,
rps_lng-HDO19001848,,PlumbLocal,,193,,Balcombe Rd,Beaumaris 3193,,,,,,,,,,,contactplumblocal@gmail.com,,,,,contactplumblocal@gmail.com,,,,,,,,,,,,,,,,,,,,,,
rps_lng-JAM21000034,,Melbourne Garage Door Repairs,,,,,,,,,,,,,,,,info@melbournegaragedoorrepairs.com.au,,,Mobile 0499 737 247,,info@melbournegaragedoorrepairs.com.au,,,,,,,,,,,,,,,,,,,,,,
rps_lng-SAN21000010,,Peachy Cleaning Services Pty Ltd,,12,,Blaxland Drive,,Dandenong North,VIC,3175,,,,,,,,peachycleaningservices7@gmail.com,,,Mobile 0426 243 011,,peachycleaningservices7@gmail.com,,,,,,,,,,,,,,,,,,,,,,
rps_lng-WES19000032,,JM Home Maintenance,,82,,Phillips Street,,Coburg,VIC,3058,,,,,,,,ljmesis@gmail.com,Work 9386 2263,,Mobile 0407 689 953,,ljmesis@gmail.com,,,,,,,,,,,,,,,,,,,,,,
rps_lng-HDO19004001,,Oates Roofing Maintenance Services Pty Ltd,,,,,,,,,,,,,,,,admin@oatesroofing.com.au,,,Mobile 0435 695 466,,admin@oatesroofing.com.au,,,,,,,,,,,,,,,,,,,,,,
rps_lng-WES20000011,,Looks Great Property Services,,13,,Nagle Drive,,Point Cook,VIC,3030,,,,,,,,info@looksgreatpropertyservices.com.au,,,,,info@looksgreatpropertyservices.com.au,,,,,,,,,,,,,,,,,,,,,,
rps_lng-HDO18002118,,Intrinsic Cleaning Solutions,,11,,Retreat Avenue,,Cranbourne North,,3977,,,,,,,,anjana@intrinsiccs.com.au,,,,,anjana@intrinsiccs.com.au,,,,,,,,,,,,,,,,,,,,,,
rps_lng-HDO17001477,,Andy-Man-Can!,,,,,,,,,,,,,,,,andy.man.can@bigpond.com,,,Mobile 0424 372 194,,andy.man.can@bigpond.com,,,,,,,,,,,,,,,,,,,,,,
rps_lng-CHA19000037,,Ace Locksmiths,,29,,Carlisle Street,,St Kilda,VIC,3182,,,,,,,,sales@acelocksmiths.com,Work 03 9534 0586,,,,sales@acelocksmiths.com,,,,,,,,,,,,,,,,,,,,,,
rps_lng-DRE21000027,,Darebin Gas,,265,,Holt Parade,,Thomastown,VIC,3074,,,,,,,,admin@darebingas.com.au,Work 03 9463 1555,,,,admin@darebingas.com.au,,,,,,,,,,,,,,,,,,,,,,
rps_lng-HDO15002945,,1. Pestwise Possum & Pest Control,,,,PO Box 582,,Brentford Square,VIC,3131,,,,,,,,pestwise@hotmail.com,Work 03 9886 6009,,,,pestwise@hotmail.com,,,,,,,,,,,,,,,,,,,,,,
rps_lng-CVA21002615,,Bluestone OCM - Key/Fob (601 St Kilda Rd),,312,,St Kilda Road,,MELBOURNE,VIC,3004,,,,,,,,info@bluestoneocm.com.au,,,,,info@bluestoneocm.com.au,,,,,,,,,,,,,,,,,,,,,,
rps_lng-HDO13000942,,1. Fixed Plumbing & Gasfitting,,,,PO Box 238,,Seaford,Vic,3198,,,,,,,,fixed.plumbing@bigpond.com,,,Fax 03 9786 8143,,fixed.plumbing@bigpond.com,,,,,,,,,,,,,,,,,,,,,,
rps_lng-HDO12001519,,Electrolux Home Products Pty Ltd,,,,GPO Box 4852,,Sydney,NSW,2001,,,,,,,,au.contracts@electrolux.com.au,,,,,au.contracts@electrolux.com.au,,,,,,,,,,,,,,,,,,,,,,
rps_lng-HDO18000911,,DOORMATION Tindale Pty Ltd,,8,,"Southey Street,",,Williamstown North,VIC,3016,,,,,,,,ana@doormation.com.au,Work (03) 9399 8039,,Fax (03) 9399 8091,,ana@doormation.com.au,,,,,,,,,,,,,,,,,,,,,,
rps_lng-HDO19005792,,Berwick Pest Control Pty Ltd,,1/1-7,,"Enterprise Avenue,",,Berwick,VIC,3806,,,,,,,,info@berwickpestcontrol.com,,,Mobile (03) 9705 8323,,info@berwickpestcontrol.com,,,,,,,,,,,,,,,,,,,,,,
rps_lng-VAD22000038,Somerville North,Jim's Mowing,,,,PO Box 653,,Somerville,VIC,3912,,,,,,,,glenn.simester@jimsmowing.net,,,Mobile 0403 343 271,,glenn.simester@jimsmowing.net,,,,,,,,,,,,,,,,,,,,,,
rps_lng-HDO19001439,,Diverse Appliances Services,,7/80,,Mills Road,,Braeside,VIC,3195,,,,,,,,service@diverseappliances.com.au,Work 9580 2186,,,,service@diverseappliances.com.au,,,,,,,,,,,,,,,,,,,,,,
rps_lng-HDO15001021,,Nifty Maintenance,,10,,Witney Court,,Darley,Vic,3340,,,,,,,,niftymaintenance@gmail.com,,,Mobile 0410 822 153,,niftymaintenance@gmail.com,,,,,,,,,,,,,,,,,,,,,,
rps_lng-HDO18000994,,Property & Grounds,,,,PO Box 736,,Willliamstown,Vic,3016,,,,,,,,dean@propertyandgrounds.com.au,,,Mobile 0434391391,,dean@propertyandgrounds.com.au,,,,,,,,,,,,,,,,,,,,,,
rps_lng-HDO16001022,,Investa Projects Pty Ltd,,,,PO Box 173,,Hawthorn,Vic,3122,,,,,,,,enquiries@investaprojects.com,,,Fax 03 9815 1654,,enquiries@investaprojects.com,,,,,,,,,,,,,,,,,,,,,,
rps_lng-WES19000013,,2. Intrinsic Cleaning,,11,,Retreat Avenue,,Cranbourne North,VIC,3977,,,,,,,,,,,,,,,,,,,,,,,,,,,,,,,,,,,
rps_lng-HDO18002075,,Pro Power Electrical & Data,,4/2A,,Brenbeal Street,,Balwyn,VIC,3103,,,,,,,,admin@pped.com.au,Work 1300 051 033,,,,admin@pped.com.au,,,,,,,,,,,,,,,,,,,,,,
rps_lng-HDO19004396,,DJS Melbourne Plumbing Solutions,,14,,Commercial Drive,,Thomastown,VIC,3074,,,,,,,,orders@djsmps.com.au,Work 03 8456 0507,,,,orders@djsmps.com.au,,,,,,,,,,,,,,,,,,,,,,
rps_lng-HDO17002854,,Jim's Mowing Mt Waverley Sth West,,18/1470,,Ferntree Gully Rd,,Knoxfield,VIC,3180,,,,,,,,john.wildes@jimsmowing.net,,,Mobile 0466 136 654,,john.wildes@jimsmowing.net,,,,,,,,,,,,,,,,,,,,,,
rps_lng-HDO19001115,,Fantastic Services Group Pty Ltd,,,,Hoppers Crossing 3029,,,,,,,,,,,,office@fantasticservicesgroup.com.au,Work 1300233268,,,,office@fantasticservicesgroup.com.au,,,,,,,,,,,,,,,,,,,,,,
rps_lng-HDO19001480,,Kleen-Tech,,3A/53-59,,Avenue Road,,Camberwell,VIC,3124,,,,,,,,admin@kleentech.com.au,Work 1300 305 030,,Fax 03 9885 7874,,admin@kleentech.com.au,,,,,,,,,,,,,,,,,,,,,,
rps_lng-HDO19001076,,All Property Plumbing Pty Ltd,,,,PO Box 2727,Mount Waverley,,,,,,,,,,,service@allpropertyplumbing.com.au,,,,,service@allpropertyplumbing.com.au,,,,,,,,,,,,,,,,,,,,,,
rps_lng-DRE21000029,,Genuine Appliance Parts,,,,,,,,,,,,,,,,enquiries@genuineapplianceparts.com.au,Work 03 8373 6044,,,,enquiries@genuineapplianceparts.com.au,,,,,,,,,,,,,,,,,,,,,,
rps_lng-VAD23000006,,Louis Pest Control,,,,,,,,,,,,,,,,Louispestcontrol@hotmail.com,,,Mobile 0452 531 970,,Louispestcontrol@hotmail.com,,,,,,,,,,,,,,,,,,,,,,
rps_lng-HDO19004465,,Hire A Hubby South Yarra,,16/345,,Plummer Street,,Port Melbourne,VIC,3207,,,,,,,,southyarra.vic@hireahubby.com.au,,,Home 1300 171 790,,southyarra.vic@hireahubby.com.au,,,,,,,,,,,,,,,,,,,,,,
rps_lng-CHA20000006,,JJC Maintenance Group,,11,,Dallas Street,,Mentone,VIC,3194,,,,,,,,jjcmaintenancegroup@gmail.com,,,Mobile 0433333580,,jjcmaintenancegroup@gmail.com,,,,,,,,,,,,,,,,,,,,,,
rps_lng-HDO17002857,,CJ Gas and Water,,,,,,,,,,,,,,,,cjgaswater@outlook.com,,,Mobile 0438 047 134,,cjgaswater@outlook.com,,,,,,,,,,,,,,,,,,,,,,
rps_lng-VAD21000019,,Propper Maintenance Pty Ltd,,Suite 3,,Level 2/118 Devonshire,,Surry Hills,NSW,2010,,,,,,,,longview@proppermaintenance.com.au,Work 1300 622 748,,,,longview@proppermaintenance.com.au,,,,,,,,,,,,,,,,,,,,,,
rps_lng-SAN21000024,,Jim's Mowing Keilor Downs South,,57,,Carbine Way,,Keilor Downs,VIC,3038,,,,,,,,cciampa@optusnet.com.au,,,Mobile 042 344 9967,,cciampa@optusnet.com.au,,,,,,,,,,,,,,,,,,,,,,
rps_lng-VAD22000033,,Pro Wire Electrics,,,,,,,,,,,,,,,,enquiries@prowireelectrics.com.au,,,Mobile 0448 801 626,,enquiries@prowireelectrics.com.au,,,,,,,,,,,,,,,,,,,,,,
rps_lng-CHA19000082,,Omega Property Maintenance,,,,,,,,,,,,,,,,admin@omegapro.com.au,Work 03 9052 4442,,,,admin@omegapro.com.au,,,,,,,,,,,,,,,,,,,,,,
rps_lng-HDO19002205,,LA Bayside Discount Garage & Doors,,12,,William Street,Balaclava VIC 3183,,,,,,,,,,,sales@labayside.com.au,Work 9527 9955,,Fax 9527 4722,,sales@labayside.com.au,,,,,,,,,,,,,,,,,,,,,,
rps_lng-WES19000014,,F & J Glass,,,,,,,,,,,,,,,,weskotob@hotmail.com,,,Mobile 0450 436 694,,weskotob@hotmail.com,,,,,,,,,,,,,,,,,,,,,,
rps_lng-CVA21001982,,Australian Antennas,,,,P.O.Box 117,,BLACKBURN SOUTH,VIC,3130,,,,,,,,sales@australianantennas.com.au,,,Fax 03 9899 2977,,sales@australianantennas.com.au,,,,,,,,,,,,,,,,,,,,,,
rps_lng-CVA21002487,,Mr Antenna Trading Pty Ltd,,,,Po Box 934,,SOUTH MELBOURNE,VIC,3205,,,,,,,,bookings@themrgroup.com.au,,,,,bookings@themrgroup.com.au,,,,,,,,,,,,,,,,,,,,,,
rps_lng-HDO19001472,,Intrinsic Cleaning Solutions Pty Ltd,,11,,Retreat Avenue,Cranbourne North,,Vic,3977,,,,,,,,info@intrinsiccs.com.au,Work 1300 930 833,,,,info@intrinsiccs.com.au,,,,,,,,,,,,,,,,,,,,,,
rps_lng-HDO13002418,,Total Climate Management (Vic) Pty Ltd,,31/111,,Lewis Road,,Knoxfield,,3180,,,,,,,,service@tcmgroup.net.au,,,,,service@tcmgroup.net.au,,,,,,,,,,,,,,,,,,,,,,
rps_lng-HDO14002417,,VBCS,,,,"DEFT Payment Systems
GPO Box 2174",,Melbourne,Vic,3001,,,,,,,,levies@vbcs.com.au,,,,,levies@vbcs.com.au,,,,,,,,,,,,,,,,,,,,,,
rps_lng-HDO19001214,,Action Pest Control,,2/241,,Boundary Road,Braeside VIC 3195,,,,,,,,,,,actionpest@bigpond.com,Work 9569 9388,,Fax 9569 0111,,actionpest@bigpond.com,,,,,,,,,,,,,,,,,,,,,,
rps_lng-HDO16002429,,Chromagen,,17-23,,Redwood Drive,,Dingley,Vic,3172,,,,,,,,,,,,,,,,,,,,,,,,,,,,,,,,,,,
rps_lng-SAN22000095,,Greenhills,,9/88,,Northgate Drive,,Thomastown,VIC,3074,,,,,,,,greenhillselectrics@outlook.com,,,Mobile 0408 309 653,,greenhillselectrics@outlook.com,,,,,,,,,,,,,,,,,,,,,,
rps_lng-HDO19001406,,Alapont Developments,,,,PO Box 7177,Dandenong VIC 3175,,,,,,,,,,,Miguel@alapont.com.au,,,Mobile 418567773,,Miguel@alapont.com.au,,,,,,,,,,,,,,,,,,,,,,
rps_lng-WES19000021,Matt ( Craigieburn),Jims Mowing,,,,,,,,,,,,,,,,matt.bonello@jimsmowing.net,,,Mobile 0403540243,,matt.bonello@jimsmowing.net,,,,,,,,,,,,,,,,,,,,,,
rps_lng-VAD22000036,,Jim's Security Doors Mernda,,,,,,,,,,,,,,,,happy@jimssecuritydoors.com,,,Mobile 0404 303 012,,happy@jimssecuritydoors.com,,,,,,,,,,,,,,,,,,,,,,
rps_lng-HDO22001619,The White Ant Co Pty Ltd,PPM Protectant Pest Management,,,,PO Box 212,,Thomastown,VIC,3074,,,,,,,,enquiries@ppmgmt-vic.com.au,Work 1300 552 532,,,,enquiries@ppmgmt-vic.com.au,,,,,,,,,,,,,,,,,,,,,,
rps_lng-DRE21000004,,Anita Tai,,119/270,,Springvale Road,,Glen Waverley,VIC,3150,,,,,,,,anitatai96@hotmail.com,,,Mobile 0403 261 188,,anitatai96@hotmail.com,,,,,,,,,,,,,,,,,,,,,,
rps_lng-HDO19001102,,Cyclic Maintenance,,1/533,,Highett Road,,Highett,VIC,3190,,,,,,,,admin@cyclicmaintenance.com.au,Work 9596 3402,,,,admin@cyclicmaintenance.com.au,,,,,,,,,,,,,,,,,,,,,,
rps_lng-HDO19001086,,Biskon Plumbing,,15/18-20,,Edward Street,Oakleigh  VIC 3166,,,,,,,,,,,bookings@biskonplumbing.com.au,Work 03 9558 9100,,,,bookings@biskonplumbing.com.au,,,,,,,,,,,,,,,,,,,,,,
rps_lng-CVA21002238,,KPS Plumbing Services,,32,,Thorseby Grove,,IVANHOE,VIC,3079,,,,,,,,chris@kingsfordps.com.au,,,Mobile 0438 590 286,,chris@kingsfordps.com.au,,,,,,,,,,,,,,,,,,,,,,
rps_lng-HDO19001539,,VBCS,,,,Locked Bag 1291,Port Melbourne,,Vic,3207,,,,,,,,vbcs@vbcs.com.au,Work 9523 5038,,Fax 9528 6935,,vbcs@vbcs.com.au,,,,,,,,,,,,,,,,,,,,,,
rps_lng-HDO19004738,,Bella's Cleaning,,14,,Audley Street,,Pakenham,VIC,3810,,,,,,,,ISABELLASEMERJIAN@GMAIL.COM,,,Mobile 0490 191 347,,ISABELLASEMERJIAN@GMAIL.COM,,,,,,,,,,,,,,,,,,,,,,
rps_lng-HDO19001417,,At Your Maintenance,,131,,Boundary Road,North Melbourne,,Vic,3051,,,,,,,,service@atyourmaintenance.com.au,Work 9020 4633,,,,service@atyourmaintenance.com.au,,,,,,,,,,,,,,,,,,,,,,
rps_lng-WES19000012,Spingvale,Flick Anticimex Pty Ltd,,4,,Brough Street,,Springvale,VIC,3171,,,,,,,,accounts.receivable@flick-anticimex.com.au,Work 8514 1300,,,,accounts.receivable@flick-anticimex.com.au,,,,,,,,,,,,,,,,,,,,,,
rps_lng-HDO12001431,,Brandon Electrical,,67,,Cambro Road,,Clayton,Vic,3143,,,,,,,,admin2@brandonelectrical.com.au,,,Mobile 0438 324 619 D Fax 03 9558 6157,,admin2@brandonelectrical.com.au,,,,,,,,,,,,,,,,,,,,,,
rps_lng-HDO19001325,Levies,MBCM - BPAY,,,,,,,,,,,,,,,,info@mbcmfootscray.com.au,Work 93178265,,,,info@mbcmfootscray.com.au,,,,,,,,,,,,,,,,,,,,,,
rps_lng-CVA21002570,,Western Distributors Carpets,,,,P.O. Box 153,,SUNSHINE,VIC,3020,,,,,,,,wd@westerndistributors.com.au,,,,,wd@westerndistributors.com.au,,,,,,,,,,,,,,,,,,,,,,
rps_lng-HDO17001386,,Abode Makeover Group,,6,,Padua Drive,,Mornington,VIC,3931,,,,,,,,d.russell89@icloud.com,,,Mobile 0431 285 167,,d.russell89@icloud.com,,,,,,,,,,,,,,,,,,,,,,
rps_lng-HDO19002574,,Investa Projects Vic Pty Ltd,,,,PO Box 173,,Hawthorn,Vic,3122,,,,,,,,enquiries@investaprojects.com,Work 9815 1650,,,,enquiries@investaprojects.com,,,,,,,,,,,,,,,,,,,,,,
rps_lng-HDO12001407,,Ace Locksmiths,,,,PO Box 1494,,St Kilda,Vic,3182,,,,,,,,sales@acelocksmiths.com,,,Fax 03 9534 8206,,sales@acelocksmiths.com,,,,,,,,,,,,,,,,,,,,,,
rps_lng-HDO09001040,,Quicklift Garage Doors,,61-63,,Glenvale Cres,,Mulgrave,VIC,3170,,,,,,,,office@quickliftdoors.com.au,Work 9729 6899,,,,office@quickliftdoors.com.au,,,,,,,,,,,,,,,,,,,,,,
rps_lng-HDO20002252,,Boss Painting & Maintenance Services,,,,,,,,,,,,,,,,bossmaintenanceservices@gmail.com,,,Mobile 0413991891,,bossmaintenanceservices@gmail.com,,,,,,,,,,,,,,,,,,,,,,
rps_lng-HDO18002137,,Loy Maintenance,,,,,,,,,,,,,,,,loymaintenance@gmail.com,,,Mobile 0402582555,,loymaintenance@gmail.com,,,,,,,,,,,,,,,,,,,,,,
rps_lng-WES19000009,,TopGun Cleaning Services,,,,,,,,,,,,,,,,topguncleaning@hotmail.com.au,,,,,topguncleaning@hotmail.com.au,,,,,,,,,,,,,,,,,,,,,,
rps_lng-WES19000024,,Jims Mowing (Doreen),,,,,,,,,,,,,,,,leerae1511@gmail.com,,,Mobile 0407381714,,leerae1511@gmail.com,,,,,,,,,,,,,,,,,,,,,,
rps_lng-HDO19005948,,Eclipse Property Photography,,,,,,,,,,,,,,,,info@eclipse-photography.com.au,,,Mobile 0416 271 382,,info@eclipse-photography.com.au,,,,,,,,,,,,,,,,,,,,,,
rps_lng-HDO12001436,,Carrit Works Pty Ltd,,10,,Wattle Grove,,Coburg,Vic,3058,,,,,,,,support@carritworks.com.au,Work 0412 123 016 S,,Mobile 0419 539 796 R,,support@carritworks.com.au,,,,,,,,,,,,,,,,,,,,,,
rps_lng-DRE19000076,,Orange Heating and Cooling,,,,,,,,,,,,,,,,info@orangeheatingandcooling.net,,,,,info@orangeheatingandcooling.net,,,,,,,,,,,,,,,,,,,,,,
rps_lng-HDO20002032,,Pinnacle Plumbing Group,,1129,,,,Fitzroy North,VIC,3068,,,,,,,,service@pinnacleplumbing.com.au,,,Home 0419019993,,service@pinnacleplumbing.com.au,,,,,,,,,,,,,,,,,,,,,,
rps_lng-HDO19006010,,J T GARDENS AND MAINTENANCE,,,,PO Box 4378,,Hoppers Crossing,VIC,3029,,,,,,,,info@jtgardens.com.au,,,Mobile 0409198548,,info@jtgardens.com.au,,,,,,,,,,,,,,,,,,,,,,
rps_lng-HDO22004027,,The Heat & Cool Service Group,,44,,Burleigh Drive,,Grovedale,VIC,3216,,,,,,,,office@heatcoolservice.com.au,,,Mobile 0434 004 490,,office@heatcoolservice.com.au,,,,,,,,,,,,,,,,,,,,,,
rps_lng-HDO19001288,,2. Fixed Plumbing & Gas Fitting,,,,P O Box 238,Seaford Vic 3198,,,,,,,,,,,fixed.plumbing@bigpond.com,,,Mobile 0415518003,,fixed.plumbing@bigpond.com,,,,,,,,,,,,,,,,,,,,,,
rps_lng-HDO19001493,,Mode Heating & Cooling,,21/283-293,,Rex Road,,Campbellfield,VIC,3061,,,,,,,,info@modeheatingandcooling.com.au,,,,,info@modeheatingandcooling.com.au,,,,,,,,,,,,,,,,,,,,,,
rps_lng-HDO19001203,,TRUST Plumbing,,19,,Higgins Way,Truganina,,Vic,3029,,,,,,,,tim@trustplumbing.com.au,,,,,tim@trustplumbing.com.au,,,,,,,,,,,,,,,,,,,,,,
rps_lng-HDO19001835,,Nationwide Appliance Repairs,,122,,Cheltenham Road,,Dandenong,VIC,3175,,,,,,,,jobs@nwar.com.au,Work 1300 652 100,,,,jobs@nwar.com.au,,,,,,,,,,,,,,,,,,,,,,
rps_lng-WES19000033,,Clean To Shine,,,,,,,,,,,,,,,,info@cleantoshine.com.au,Work 1300 456 457,,,,info@cleantoshine.com.au,,,,,,,,,,,,,,,,,,,,,,
rps_lng-HDO14000987,,Crown Property Services,,,,"Suite 510, 1 Queens Road",,Melbourne,Vic,3004,,,,,,,,george@crownpropertyservices.com.au,,,Mobile 0421 133 777 Fax 03 8679 3374,,george@crownpropertyservices.com.au,,,,,,,,,,,,,,,,,,,,,,
rps_lng-DRE19000104,,Efficient Heating & Cooling,,68/22,,Dunn Crescent,,Dandenong,VIC,3175,,,,,,,,info@heatingcoolingsystems.com.au,Work 03 9792 3261,,,,info@heatingcoolingsystems.com.au,,,,,,,,,,,,,,,,,,,,,,
rps_lng-HDO19001515,,Quicklift Garage Doors,,,,PO BOX 197,Bayswater,,VIC,3153,,,,,,,,office@quickliftdoors.com.au,Work 9729 6899,,Fax 9729 6048,,office@quickliftdoors.com.au,,,,,,,,,,,,,,,,,,,,,,
rps_lng-HDO16001000,,Biskon Plumbing Pty Ltd,,15/18-20,,Edward Street,,Oakleigh,Vic,3166,,,,,,,,bookings@biskonplumbing.com.au,Work 03 9558 9100,,,,bookings@biskonplumbing.com.au,,,,,,,,,,,,,,,,,,,,,,
rps_lng-VAD23000019,,Wingham Electrical Pty Ltd,,,,,,,,,,,,,,,,info@winghamelectrical.com.au,,,Mobile 0468 964 064,,info@winghamelectrical.com.au,,,,,,,,,,,,,,,,,,,,,,
rps_lng-HDO16001050,,Surelec Electricians,,8-12,,Greenwood Street,,Abbotsford,vic,3067,,,,,,,,sales@surelec.com.au,Work 9416 4425,,,,sales@surelec.com.au,,,,,,,,,,,,,,,,,,,,,,
rps_lng-HDO19001281,,Mr Dependabell Handyman Services,,16,,Adina Court,Kuranjang,,VIC,3337,,,,,,,,kevin@mrdependabell.com.au,,,,,kevin@mrdependabell.com.au,,,,,,,,,,,,,,,,,,,,,,
rps_lng-HDO19002005,,PDS Garage Doors & Gates,,38,,Yale Drive,Epping VIC 3076,,,,,,,,,,,service@pdsdoors.com.au,,,Mobile 9408 3418,,service@pdsdoors.com.au,,,,,,,,,,,,,,,,,,,,,,
rps_lng-WES19000022,South Yarra,Hire-A-Hubby South Yarra,,,,,,,,,,,,,,,,job_southyarra.vic@hireahubby.com.au,,,,,job_southyarra.vic@hireahubby.com.au,,,,,,,,,,,,,,,,,,,,,,
rps_lng-HDO21001564,,Appliances Online Commercial Division,,,,Po Box 694,,Strawberry Hills,NSW,2012,,,,,,,,commercial@appliancesonline.com.au,,,Home 1300001500,,commercial@appliancesonline.com.au,,,,,,,,,,,,,,,,,,,,,,
rps_lng-HDO17002776,,Bluestone Owners Corp - BPAY,,,,PO Box 8633,,Armadale,Vic,3143,,,,,,,,info@bluestoneocm.com.au,,,,,info@bluestoneocm.com.au,,,,,,,,,,,,,,,,,,,,,,
rps_lng-HDO18000926,,Enficet Pty Ltd Was AM-Works Building & Maintenan,,2/10,,Station Street,,Cheltenham,Vic,3192,,,,,,,,admin@enficetgroup.com.au,,,Mobile 0408 741 659,,admin@enficetgroup.com.au,,,,,,,,,,,,,,,,,,,,,,
rps_lng-HDO21002273,"PO 1185 UPWEY, 3158",The Grout Guy Victoria PTY LTD,,,,,,,,,,,,,,,,info@thegroutguy.com.au,,,Home 1800844897,,info@thegroutguy.com.au,,,,,,,,,,,,,,,,,,,,,,
rps_lng-HDO19001497,,The Mould Doctor,,,,PO BOX 190,Bentleigh,,VIC,3204,,,,,,,,info@themoulddoctor.com.au,Work 1300 944 595,,,,info@themoulddoctor.com.au,,,,,,,,,,,,,,,,,,,,,,
rps_lng-HDO17001377,,Detector  Inspector,,,,PO Box 542,,Elsternwick,VIC,3185,,,,,,,,remittance@detectorinspector.com.au,,,Mobile 0439 222 988,,remittance@detectorinspector.com.au,,,,,,,,,,,,,,,,,,,,,,
rps_lng-HDO19001246,,Advantage Appliances,,,,Unit 12,22-24 Redland Drive,,MITCHAM,3132,,,,,,,,service@advantageappliances.com.au,Work 98744222,,Fax 98746917,,service@advantageappliances.com.au,,,,,,,,,,,,,,,,,,,,,,
rps_lng-CVA21002453,,Frontline Locksmiths,,59,,Mundara Drive,,RINGWOOD,VIC,3134,,,,,,,,admin@frontlinelocksmiths.com.au,Work 03 8827 0800,,,,admin@frontlinelocksmiths.com.au,,,,,,,,,,,,,,,,,,,,,,
rps_lng-HDO19004467,Hurstbridge,Diamond Valley Termite & Pest Control,,,,Po Box 598,,Hurstbridge,VIC,3099,,,,,,,,dvpestcontrol@outlook.com.au,,,Home 0414542571,,dvpestcontrol@outlook.com.au,,,,,,,,,,,,,,,,,,,,,,
rps_lng-CVA21004144,,ASOT Property Services,,,,,"Plummer Road
MENTONE 3194",,,,,,,,,,,Info@asotpropertyservices.com.au,,,,,Info@asotpropertyservices.com.au,,,,,,,,,,,,,,,,,,,,,,
rps_lng-WES20000062,,Boss Painting Services,,,,,,,,,,,,,,,,bossmaintenanceservices@gmail.com,,,Mobile 0413 991 891,,bossmaintenanceservices@gmail.com,,,,,,,,,,,,,,,,,,,,,,
rps_lng-HDO19002404,Mount Waverley South West,Jims Mowing,,18/1470,,Ferntree Gully Road,,Knoxfield,VIC,3180,,,,,,,,john.wildes@jimsmowing.net,,,,,john.wildes@jimsmowing.net,,,,,,,,,,,,,,,,,,,,,,
rps_lng-HDO14000957,,Alesi Carpentry & Maintenance Services,,,,,,,,,,,,,,,,ANDREW@ALESIGROUP.COM.AU,,,Mobile 0411 395 496,,ANDREW@ALESIGROUP.COM.AU,,,,,,,,,,,,,,,,,,,,,,
rps_lng-HDO19001188,,Smoke Alarms Australia,,,,P O Box 1531,Neutral Bay,,NSW,2089,,,,,,,,vic@smokealarmsaustralia.com.au,Work 1300125276,,,,vic@smokealarmsaustralia.com.au,,,,,,,,,,,,,,,,,,,,,,
rps_lng-HDO15001035,,XRM Group Pty Ltd,,,,PO Box 1045,,Carlton,Vic,3053,,,,,,,,plumbing@xrm.com.au,Work 0419 135 376 M,,Mobile 0413 136 631 D Fax 03 8640 0737,,plumbing@xrm.com.au,,,,,,,,,,,,,,,,,,,,,,
rps_lng-WES19000007,St Albans,TD Stonemason Pty Ltd,,2/119,,Fox Street,,St Albans,VIC,3021,,,,,,,,,,,,,,,,,,,,,,,,,,,,,,,,,,,
rps_lng-HDO21001573,,Aquatek Plumbing Services,,1/25,,Peel Street,,Eltham,VIC,3095,,,,,,,,aquatekplumbing@outlook.com,,,Mobile 0430 538 478,,aquatekplumbing@outlook.com,,,,,,,,,,,,,,,,,,,,,,
rps_lng-HDO14002397,,Plumbcare,,23/11,,Bryants Road,,Dandenong,,3175,,,,,,,,service@plumbcare.com.au,,,,,service@plumbcare.com.au,,,,,,,,,,,,,,,,,,,,,,
rps_lng-HDO12001495,,Omega Corporate Security,,256,,Hyde Street,,Yarraville,Vic,3013,,,,,,,,omega@omegacorp.com.au,,,Fax 0396893488,,omega@omegacorp.com.au,,,,,,,,,,,,,,,,,,,,,,
rps_lng-HDO19005924,,Non-Stop Locksmiths,,,,PO Box 3085,,Moorabbin East,VIC,3189,,,,,,,,info@nonstoplocksmiths.com.au,,,Mobile 0418 444 166,,info@nonstoplocksmiths.com.au,,,,,,,,,,,,,,,,,,,,,,
rps_lng-HDO12003003,,RJG Electrics,,47,,Manton Road,,Clayton,VIC,3168,,,,,,,,rjgelectrics@tpg.com.au,,,,,rjgelectrics@tpg.com.au,,,,,,,,,,,,,,,,,,,,,,
rps_lng-WES19000025,,Toscano Plumbing,,4/31-33,,Greenaway Street,,Bulleen,VIC,3105,,,,,,,,service@toscanoplumbing.com.au,Work 1300 867 226,,,,service@toscanoplumbing.com.au,,,,,,,,,,,,,,,,,,,,,,
rps_lng-WES19000006,Keilor East,Advance Glass Australia,,3/2,,Slater Parade,,Keilor East,VIC,3033,,,,,,,,admin@advanceglass.com.au,,,Home 93077412,,admin@advanceglass.com.au,,,,,,,,,,,,,,,,,,,,,,
rps_lng-CVA21004222,,EG Shower Repairs,,43.35,,David Street,,DANDENONG,VIC,3175,,,,,,,,sidiqi.hameed@gmail.com,,,,,sidiqi.hameed@gmail.com,,,,,,,,,,,,,,,,,,,,,,
rps_lng-HDO12001460,,Do All Appliances,,34,,Bignell Road,,Moorabbin,Vic,3189,,,,,,,,bookings@doallappliances.com.au,,,Mobile 0425 777 976 Fax (03) 9553 0708,,bookings@doallappliances.com.au,,,,,,,,,,,,,,,,,,,,,,
rps_lng-HDO15002958,,1. Portervac,,,,PO Box 182,,The Basin,Vic,3154,,,,,,,,service@portervac.com.au,,,,,service@portervac.com.au,,,,,,,,,,,,,,,,,,,,,,
rps_lng-WES19000008,,Jims Antennas,,2109,,,,Greenvale,VIC,3059,,,,,,,,admin@jims.net,Work 0402 956 100,,,,admin@jims.net,,,,,,,,,,,,,,,,,,,,,,
rps_lng-HDO20000588,,AGH Plumbing Services,,31,,Outlook Drive,,Dandenong North,VIC,3175,,,,,,,,agh@bigpond.net.au,,,,,agh@bigpond.net.au,,,,,,,,,,,,,,,,,,,,,,
rps_lng-DRE20000110,,Ability Electrical Services,,,,,,,,,,,,,,,,dylan@abilityes.com.au,,,Mobile 0450069998,,dylan@abilityes.com.au,,,,,,,,,,,,,,,,,,,,,,
rps_lng-HDO18002179,,MJ Electrical Services Pty Ltd,,7,,Finley Crt,,Wantirna Sth,Vic,3152,,,,,,,,mjelectricalmelb@gmail.com,,,,,mjelectricalmelb@gmail.com,,,,,,,,,,,,,,,,,,,,,,
rps_lng-HDO18000954,,Dibs Plumbing,,,,,,,,,,,,,,,,samndib@gmail.com,,,Mobile 0450923820,,samndib@gmail.com,,,,,,,,,,,,,,,,,,,,,,
rps_lng-HDO21000024,,Time Saver Garden Service,,6,,Coolidge Wynd,,Macleod,VIC,3085,,,,,,,,cmcnicol69@gmail.com,,,Mobile 0411499459,,cmcnicol69@gmail.com,,,,,,,,,,,,,,,,,,,,,,
rps_lng-HDO14000933,,Eastoe Electrical,,1/150,,Donald Street,,Brunswick East,Vic,3057,,,,,,,,info@eastoeelectrical.com.au,,,Mobile 0413 978 587,,info@eastoeelectrical.com.au,,,,,,,,,,,,,,,,,,,,,,
rps_lng-JAM22000014,,Frankly Plumbing Pty Ltd,,,,PO BOX 145,,Coburg,VIC,3058,,,,,,,,info@franklyplumbing.com.au,Work 03 9000 9272,,,,info@franklyplumbing.com.au,,,,,,,,,,,,,,,,,,,,,,
rps_lng-WES20000008,,Flood Response Pty Ltd,,,,PO BOX 81,,Parkville,VIC,3052,,,,,,,,walterr@floodresponse.com.au,Work 1300 819 396,,Mobile 0447 109 101,,walterr@floodresponse.com.au,,,,,,,,,,,,,,,,,,,,,,
rps_lng-HDO19002113,,Just Doors & Screens,,18,,Milne St,Thomastown VIC 3074,,,,,,,,,,,info@justdoorsandscreens.com.au,Work 9464 0764,,,,info@justdoorsandscreens.com.au,,,,,,,,,,,,,,,,,,,,,,
rps_lng-HDO21001981,,Araysa Building Maintenance,,88A,,Lorimer Street,,Port Melbourne,VIC,3207,,,,,,,,info@araysa.com.au,Work 1300 272 972,,Mobile 0407 939 367,,info@araysa.com.au,,,,,,,,,,,,,,,,,,,,,,
rps_lng-HDO19002247,,Precision Locksmiths,,,,NO-ADDRESS,,,,,,,,,,,,service@precisionlocksmiths.com.au,Work 9974 2000,,,,service@precisionlocksmiths.com.au,,,,,,,,,,,,,,,,,,,,,,
rps_lng-HDO20000457,,South Side Electrics,,156,,Clipper Qy,,Safety Beach,VIC,3936,,,,,,,,mark@southsideelectrics.com.au,,,,,mark@southsideelectrics.com.au,,,,,,,,,,,,,,,,,,,,,,
rps_lng-JAM20000137,,Northern Appliance Repairs,,12,,Southdown Rise,,Mernda,VIC,3754,,,,,,,,raysimpson@iinet.net.au,Work 0414 682 946,,,,raysimpson@iinet.net.au,,,,,,,,,,,,,,,,,,,,,,
rps_lng-HDO18002089,,Peter Professional Services,,17,,Highvale Road,,Glen Waverley,VIC,3150,,,,,,,,petertheprofessional@gmail.com,,,Mobile 0420 348 101,,petertheprofessional@gmail.com,,,,,,,,,,,,,,,,,,,,,,
rps_lng-HDO21000174,,RACV Emergency Home Assist,,,,-,,,,,,,,,,,,homeservadmin@racv.com.au,,,,,homeservadmin@racv.com.au,,,,,,,,,,,,,,,,,,,,,,
rps_lng-HDO16001002,,O'Brien Appliance Repair,,,,Po box 8225,,Carrum,Downs,3201,,,,,,,,obrienapplianceservice@gmail.com,,,,,obrienapplianceservice@gmail.com,,,,,,,,,,,,,,,,,,,,,,
rps_lng-HDO17001412,,Metrocool  Refrigeration & Air-Conditioning,,1/47,,Railway Avenue,,Werribee,VIC,3030,,,,,,,,admin@metrocool.com.au,,,,,admin@metrocool.com.au,,,,,,,,,,,,,,,,,,,,,,
rps_lng-HDO14002395,,Master Tech Appliance Services,,9,,Kirkham Road,,Dandenong,,3175,,,,,,,,admin@master-tech.com.au,,,,,admin@master-tech.com.au,,,,,,,,,,,,,,,,,,,,,,
rps_lng-HDO08001850,,Derek's Carpet Care Pty Ltd,,,,PO Box 3132,,Moorabbin East,Vic,3189,,,,,,,,,,,Mobile 0419 324 683,,,,,,,,,,,,,,,,,,,,,,,,
rps_lng-HDO18000980,,GV Property Maintenance,,19,,Carbeen Drive,,,,,,,,,,,,gvpropertymaintenance@gmail.com,,,Mobile 0407407401,,gvpropertymaintenance@gmail.com,,,,,,,,,,,,,,,,,,,,,,
rps_lng-HDO08001946,,2 Duct Masters Vic Pty Ltd,,18/634-644,,Mitcham Road,,Vermont,Vic,3155,,,,,,,,office@ductmasters.com.au,Work 1300 247 382,,,,office@ductmasters.com.au,,,,,,,,,,,,,,,,,,,,,,
rps_lng-HDO08001927,,B & D Prestige Cleaning,,14,,Chuancy Way,,Lynbrook,Vic,3175,,,,,,,,contact@prestigecleaning.com.au,,,Mobile 0403 390 519,,contact@prestigecleaning.com.au,,,,,,,,,,,,,,,,,,,,,,
rps_lng-HDO19004177,,Elite Property Service,,,,,,,,,,,,,,,,craig@elitepropertyservice.com.au,,,Mobile 0422 276 266,,craig@elitepropertyservice.com.au,,,,,,,,,,,,,,,,,,,,,,
rps_lng-HDO14000888,,Diverse Appliance Service,,7/80,,Mills Road,,Braeside,VIC,3195,,,,,,,,service@diverseappliances.com.au,Work 9580 2186,,Mobile 0403 644 397 D Fax 03 9505 0253,,service@diverseappliances.com.au,,,,,,,,,,,,,,,,,,,,,,
rps_lng-HDO13000971,,Solutions Built Carpentry & Construct,,8/7,,Dickens Street,,Elwood,Vic,3184,,,,,,,,solutionsbuilt@gmail.com,,,Mobile 0419 509 775,,solutionsbuilt@gmail.com,,,,,,,,,,,,,,,,,,,,,,
rps_lng-HDO19004528,,Hire A Hubby South Yarra - General Inquiries,,,,,,,,,,,,,,,,southyarra.vic@hireahubby.com.au,Work 1300 171 790,,,,southyarra.vic@hireahubby.com.au,,,,,,,,,,,,,,,,,,,,,,
rps_lng-HDO20000602,,Cornerstone Property Group,,16/345,,Plummer Street,,Port Melbourne,VIC,3207,,,,,,,,info@cornerstonepg.com.au,Work 1300 945 116,,Mobile 0431 219 179,,info@cornerstonepg.com.au,,,,,,,,,,,,,,,,,,,,,,
rps_lng-HDO16000967,,Australian Essential Services Group,,,,PO Box 288,,Ivanhoe,Vic,3079,,,,,,,,accounts@aesg.com.au,,,Fax 03 9499 4693,,accounts@aesg.com.au,,,,,,,,,,,,,,,,,,,,,,
rps_lng-HDO15001008,,C'est La Vie Cleaning,,,,PO Box 159,,Preston,Vic,3072,,,,,,,,cestlaviecleaning@yahoo.com.au,,,Mobile 0420 232 864,,cestlaviecleaning@yahoo.com.au,,,,,,,,,,,,,,,,,,,,,,
rps_lng-HDO13002392,,All  Property Plumbing Pty Ltd,,,,,,,,,,,,,,,,service@allpropertyplumbing.com.au,,,Mobile 0412 834 211,,service@allpropertyplumbing.com.au,,,,,,,,,,,,,,,,,,,,,,
rps_lng-HDO14000920,,Drytron Carpet Dry Cleaning - Burwood,,,,"Unit 2, 21 Huntingdale Road",,Burwood,Vic,3125,,,,,,,,support@drytron.freshdesk.com,Work 03 9270 4550,,,,support@drytron.freshdesk.com,,,,,,,,,,,,,,,,,,,,,,
rps_lng-HDO19001147,,Melbourne Plumbing Group,,20B,,Rooks Road,,Nunawading,VIC,3131,,,,,,,,melbourneplumbinggroup-longview@imports.aroflo.com,Work 1300 116 486,,Mobile 0425 809 395,,melbourneplumbinggroup-longview@imports.aroflo.com,,,,,,,,,,,,,,,,,,,,,,
rps_lng-HDO23002103,,DS FENCING EXPERTS PTY LTD,,1,,KEITH STREET,,Maidstone,VIC,3012,,,,,,,,info@dsfencing.com.au,,,,,info@dsfencing.com.au,,,,,,,,,,,,,,,,,,,,,,
rps_lng-HDO20002103,,Termicon Pty Ltd ATF,,86,,,,Brunswick East,VIC,3057,,,,,,,,accounts@termicon.com.au,,,,,accounts@termicon.com.au,,,,,,,,,,,,,,,,,,,,,,
rps_lng-JAM20000086,,TNO - The Works,,,,,,,,,,,,,,,,troyoborne@bigpond.com,,,Mobile 0405 663 719,,troyoborne@bigpond.com,,,,,,,,,,,,,,,,,,,,,,
rps_lng-HDO17001366,,LA Bayside Garage Doors,,12,,William Street,,Balaclava,VIC,3183,,,,,,,,sales@labayside.com.au,,,Fax 95274722,,sales@labayside.com.au,,,,,,,,,,,,,,,,,,,,,,
rps_lng-HDO19004377,,Plumbmaster,,,,PO Box 291,,Coburg,VIC,3058,,,,,,,,service@plumbmastermelbourne.com.au,,,Mobile 0409 933 034,,service@plumbmastermelbourne.com.au,,,,,,,,,,,,,,,,,,,,,,
rps_lng-HDO17001363,,Elecool Electrical Pty Ltd,,5,,Irons Close,,Rowville,VIC,3178,,,,,,,,glenn@elecool.com.au,,,Mobile 0418 576 387,,glenn@elecool.com.au,,,,,,,,,,,,,,,,,,,,,,
rps_lng-HDO19001421,,Auburn Electrical Services,,,,P O Box 284,Kew East,,Vic,3102,,,,,,,,auburnelectrical@bigpond.com,,,Mobile 0419341052,,auburnelectrical@bigpond.com,,,,,,,,,,,,,,,,,,,,,,
rps_lng-HDO19001340,,Northern Plumbing Solutions,,,,PO BOX 652,Craigieburn,,VIC,3064,,,,,,,,northernps@optusnet.com.au,,,,,northernps@optusnet.com.au,,,,,,,,,,,,,,,,,,,,,,
rps_lng-DRE21000021,,The Good Guys Springvale,,754-769,,Princess Highway,,Springvale,VIC,3171,,,,,,,,springvale@thegoodguys.com.au,Work 03 6543 4101,,,,springvale@thegoodguys.com.au,,,,,,,,,,,,,,,,,,,,,,
rps_lng-HDO18000912,,Exopest Pty Ltd,,80-86,,Buckhurst Street,,South Melbourne,,3205,,,,,,,,info@exopest.com.au,Work (03) 8696 9000,,,,info@exopest.com.au,,,,,,,,,,,,,,,,,,,,,,
rps_lng-DRE19000036,,Verve Maintenance,,16/21,,Sabre Drive,,Port Melbourne,VIC,3207,,,,,,,,office@vervevic.com.au,Work 03 9681 8351,,,,office@vervevic.com.au,,,,,,,,,,,,,,,,,,,,,,
rps_lng-DRE19000090,,Beal Electrical Services Pty Ltd,,4,,Huxley Avenue,,Dandenong North,VIC,3175,,,,,,,,service@bealelectrical.com.au,Work 0430 073 942,,,,service@bealelectrical.com.au,,,,,,,,,,,,,,,,,,,,,,
rps_lng-HDO21001136,,Safe And Sound Gas,,,,safeandsoundgas@outlook.com,,,,,,,,,,,,safeandsoundgas@outlook.com,,,Home 0438 047 134,,safeandsoundgas@outlook.com,,,,,,,,,,,,,,,,,,,,,,
rps_lng-WES19000038,,SCR Melbourne - Stone Care and Repairs,,,,,,,,,,,,,,,,info@scrmelbourne.com.au,Work 1300 005 747,,,,info@scrmelbourne.com.au,,,,,,,,,,,,,,,,,,,,,,
rps_lng-HDO12001452,,Highett Floors,,358,,Reserve Road,,Cheltenham,Vic,3192,,,,,,,,admin@highettfloors.com.au,,,Mobile 0410 653 750 Fax 03 9585 0375,,admin@highettfloors.com.au,,,,,,,,,,,,,,,,,,,,,,
rps_lng-HDO20001257,,Western Air Airconditioning Pty Ltd,,,,,,,,,,,,,,,,western.air.airconditioning@gmail.com,,,Mobile 0401 350 805,,western.air.airconditioning@gmail.com,,,,,,,,,,,,,,,,,,,,,,
rps_lng-HDO16000984,,Fisher Brothers Electrical,,1/11,,Gatewat Drive,,Carrum Downs,Vic,3201,,,,,,,,admin@fisherbros.com.au,,,Fax 03 9770 8053,,admin@fisherbros.com.au,,,,,,,,,,,,,,,,,,,,,,
rps_lng-HDO18002155,,Prosealed Pty Ltd,,3/326,,Settlement Rd,,Thomastown,Vic,3074,,,,,,,,sales@prosealed.com.au,Work 9464 5652,,,,sales@prosealed.com.au,,,,,,,,,,,,,,,,,,,,,,
rps_lng-CVA21001816,,Shillinglaw Home Maintenance,,168,,Danks Street,,ALBERT PARK,VIC,3206,,,,,,,,psh29941@bigpond.net.au,,,Mobile 0416 031 060 Fax 0423 321 215,,psh29941@bigpond.net.au,,,,,,,,,,,,,,,,,,,,,,
rps_lng-HDO12002949,,Wynns Locksmiths,,110,,Bell Street,,Preston,Vic,3027,,,,,,,,accounts@wynnslocksmiths.com.au,,,Fax 9495 1133,,accounts@wynnslocksmiths.com.au,,,,,,,,,,,,,,,,,,,,,,
rps_lng-HDO19005833,,Coljac Property Services,,,,,,,,,,,,,,,,ld.blackley@bigpond.com,,,Mobile 0425 753 187,,ld.blackley@bigpond.com,,,,,,,,,,,,,,,,,,,,,,
rps_lng-HDO19001873,,Temp Zero Electrical & Air Conditioning,,12,,Quartz Grove,Epping,,Vic,3076,,,,,,,,Temp_zero@hotmail.com,,,Mobile 0419 584 866,,Temp_zero@hotmail.com,,,,,,,,,,,,,,,,,,,,,,
rps_lng-HDO21001478,,New Horizons Garden,,2,,Ella Court,,Narre Warren,VIC,3805,,,,,,,,ben@newhorizongardens.com.au,,,Mobile 0413 257 747 Home 99999999,,ben@newhorizongardens.com.au,,,,,,,,,,,,,,,,,,,,,,
rps_lng-HDO19001693,,Western Distributors,,230,,- 240 McIntyre Rd,North Sunshine VIC 3030,,,,,,,,,,,carpets@westerndistributors.com.au,Work 8312 0011,,,,carpets@westerndistributors.com.au,,,,,,,,,,,,,,,,,,,,,,
rps_lng-HDO19001169,,Precision Locksmiths,,204A,,Hall Street,Spotswood,,Vic,3015,,,,,,,,service@precisionlocksmiths.com.au,Work 9974 2000,,Fax 99742022,,service@precisionlocksmiths.com.au,,,,,,,,,,,,,,,,,,,,,,
rps_lng-HDO13002453,,Abell Maintenance Pty Ltd,,30,,Owen Street,,Boronia,VIC,3155,,,,,,,,abellmaintenance@gmail.com,,,Mobile 0402 421 031,,abellmaintenance@gmail.com,,,,,,,,,,,,,,,,,,,,,,
rps_lng-HDO12001411,,Action Blinds,,,,PO Box 7028,,Upper Ferntree Gully,Vic,3156,,,,,,,,sales@actionblinds.com.au,,,Mobile 0417 639 964 Fax 1300 308 462,,sales@actionblinds.com.au,,,,,,,,,,,,,,,,,,,,,,
rps_lng-HDO16001035,,Outlook Electrical,,,,PO Box 3007,,Mentone,VIC,3194,,,,,,,,dean@outlookelec.com.au,,,Mobile 0422 213 509,,dean@outlookelec.com.au,,,,,,,,,,,,,,,,,,,,,,
