creditor_id,name,company_name,abn,address_unit,address_street_no,address_street_1,address_street_2,address_suburb,address_state,address_postcode,mailing_address_unit,mailing_address_street_no,mailing_address_street_1,mailing_address_street_2,mailing_address_suburb,mailing_address_state,mailing_address_postcode,preferred_email,preferred_phone,additional_emails,additional_phones,other_contact_info,preferred_comm_method,default_account_code,is_gst_exempt,is_priority,is_strata_creditor,strata_plan_number,strata_building_name,strata_self_managed,strata_building_street_no,strata_building_street_1,strata_building_street_2,strata_building_suburb,strata_building_state,strata_building_postcode,payment_method,cheque_pay_to,eft_account_name,eft_account_bsb,eft_account_no,bpay_reference,contact_[n]_id,contact_[n]_type,tag_[group name]
rps_lng-HDO19001342,Ochre Plumbing & Gasfitting,Ochre Plumbing & Gasfitting,,,,Ochre Plumbing & Gasfi15 Monteith S,Altona North,,Vic,3025,,,,,,,,scottorr@ochreplumbingandgasfitting.com.au,,,,,Email,,,,,,,,,,,,,,,,,,,,,,
rps_lng-SAN21000010,Peachy Cleaning Services Pty Ltd,Peachy Cleaning Services Pty Ltd,,,12,Blaxland Drive,,Dandenong North,VIC,3175,,,,,,,,peachycleaningservices7@gmail.com,Mobile 0426243011,,Mobile 0426243011,,Email,,,,,,,,,,,,,,,,,,,,,,
rps_lng-HDO21001446,D.W. & A.E. BRIGHAM PTY LTD,D.W. & A.E. BRIGHAM PTY LTD,,,,PO Box 210,,Emerald,VIC,3782,,,,,,,,michael@brighamplumbing.com.au,Work 0401 268 197,,Mobile 0408549145 Home 0418324995,,Email,,,,,,,,,,,,,,,,,,,,,,
rps_lng-HDO19001847,Plum Heating and Cooling,Plum Heating and Cooling,,4,22-30,Wallace Ave,Point Cook,,VIC,3030,,,,,,,,contact@plumheatcool.com.au,Work 0383609622,,,,Email,,,,,,,,,,,,,,,,,,,,,,
rps_lng-HDO19001188,Smoke Alarms Australia,Smoke Alarms Australia,,,,P O Box 1531,Neutral Bay,,NSW,2089,,,,,,,,vic@smokealarmsaustralia.com.au,Work 1300125276,,,,Email,,,,,,,,,,,,,,,,,,,,,,
rps_lng-HDO12001463,Network Pacific- O/C Fees,Network Pacific- O/C Fees,,,,"StrataPay
Locked Bag 9, GCMC",,Bundall,,,,,,,,,,info@networkpacific.com.au,,,Fax 0398164799,,Email,,,,,,,,,,,,,,,,,,,,,,
rps_lng-COS19000051,Our Air Airconditioning,Our Air Airconditioning,,,4,71 Frankston Gardens,,Carrum Downs,VIC,3201,,,,,,,,nicole@ourair.com.au,Work 9770 8879,,,,Email,,,,,,,,,,,,,,,,,,,,,,
rps_lng-HDO19001378,Western Water,Western Water,,,,P O Box 2371,Sunbury DC,,Vic,3429,,,,,,,,mail@westernwater.com.au,Work 1300 650422,,,,Email,,,,,,,,,,,,,,,,,,,,,,
rps_lng-HDO19001283,Detector Inspector,Detector Inspector,,,,P O Box 542,Elsternwick,,Vic,3185,,,,,,,,jobs@detectorinspector.com.au,Work 1300 134563,,Fax 95328894,,Email,,,,,,,,,,,,,,,,,,,,,,
rps_lng-HDO19001496,Moreland City Council,Moreland City Council,,,,Locked Bag 10,Moreland,,Vic,3058,,,,,,,,bmarasco@moreland.vic.gov.au,Work 9240 1111,,,,Email,,,,,,,,,,,,,,,,,,,,,,
rps_lng-HDO19004776,OC Pride,OC Pride,,,,PO Box 496,,Williamstown,VIC,3016,,,,,,,,antionette@ocpride.com.au,Mobile 0421085305,,Mobile 0421085305,,Email,,,,,,,,,,,,,,,,,,,,,,
rps_lng-DRE19000036,Verve Maintenance,Verve Maintenance,,16,21,Sabre Drive,,Port Melbourne,VIC,3207,,,,,,,,office@vervevic.com.au,Work 03 9681 8351,,,,Email,,,,,,,,,,,,,,,,,,,,,,
rps_lng-HDO19002747,Jim's Mowing (Werribee East),Jim's Mowing (Werribee East),,,62,Market Road,,Werribee,VIC,3030,,,,,,,,robert.wesutan@jimsmowing.net,Mobile 0415723982,,Mobile 0415723982,,Email,,,,,,,,,,,,,,,,,,,,,,
rps_lng-HDO19002224,MICM Property Owners Corporation,MICM Property Owners Corporation,,,178,City Road,,Southbank,VIC,3006,,,,,,,,info@micm.com.au,Work 9697 8888,,,,Email,,,,,,,,,,,,,,,,,,,,,,
rps_lng-SAN22000095,Greenhills,Greenhills,,9,88,Northgate Drive,,Thomastown,VIC,3074,,,,,,,,greenhillselectrics@outlook.com,Mobile 0408309653,,Mobile 0408309653,,Email,,,,,,,,,,,,,,,,,,,,,,
rps_lng-SAN22000052,Milford Arch Pty Ltd,Milford Arch Pty Ltd,,,,30 Derwent Road,,Werribee,VIC,3030,,,,,,,,milfordarch@hotmail.com,Mobile 0412210593,,Mobile 0412210593,,Email,,,,,,,,,,,,,,,,,,,,,,
rps_lng-HDO19001546,Wyndham City Council,Wyndham City Council,,,,Locked Bag 14839,Melbourne Mail Centre,,Vic,8299,,,,,,,,mail@wyndham.vic.gov.au,Work 03 9742 0777,,,,Email,,,,,,,,,,,,,,,,,,,,,,
rps_lng-HDO20001930,Melbourne Heating & Airconditioning Repairs,Melbourne Heating & Airconditioning Repairs,,,52-60,Factory Drive,,Tullamarine,VIC,3043,,,,,,,,bookings@melbair.com.au,Work 1300 655 708,,,,Email,,,,,,,,,,,,,,,,,,,,,,
rps_lng-HDO19004377,Plumbmaster,Plumbmaster,,,,PO Box 291,,Coburg,VIC,3058,,,,,,,,service@plumbmastermelbourne.com.au,Mobile 0409933034,,Mobile 0409933034,,Email,,,,,,,,,,,,,,,,,,,,,,
rps_lng-HDO22004084,Gate Gurus,Gate Gurus,,,,PO Box 3016,,Ripponlea,VIC,3185,,,,,,,,info@gategurus.com.au,Home 0390524903,,Home 0390524903,,Email,,,,,,,,,,,,,,,,,,,,,,
rps_lng-DRE21000027,Darebin Gas,Darebin Gas,,,265,Holt Parade,,Thomastown,VIC,3074,,,,,,,,admin@darebingas.com.au,Work 03 9463 1555,,,,Email,,,,,,,,,,,,,,,,,,,,,,
rps_lng-HDO18002075,Pro Power Electrical & Data,Pro Power Electrical & Data,,4,2A,Brenbeal Street,,Balwyn,VIC,3103,,,,,,,,admin@pped.com.au,Work 1300 051 033,,,,Email,,,,,,,,,,,,,,,,,,,,,,
rps_lng-CVA21002034,Real Estate Electrical Service,Real Estate Electrical Service,,,,PO Box 425,,MALVERN,VIC,3144,,,,,,,,marty@sparky2go.com.au,Mobile 0418346878,,Mobile 0418346878,,Email,,,,,,,,,,,,,,,,,,,,,,
rps_lng-HDO21000365,Distinction Plumbing & Gas Pty Ltd,Distinction Plumbing & Gas Pty Ltd,,,,PO Box 131,,Tullamarine,VIC,3043,,,,,,,,info@distinctionplumbingandgas.com.au,Mobile 0418222484,,Mobile 0418222484,,Email,,,,,,,,,,,,,,,,,,,,,,
rps_lng-SAN22000025,Plum Electrical,Plum Electrical,,,,PO Box 6014,,Point Cook,VIC,3030,,,,,,,,info@plumelectrical.com.au,,,,,Email,,,,,,,,,,,,,,,,,,,,,,
rps_lng-HDO19001513,Quantum United Management Pty Ltd,Quantum United Management Pty Ltd,,,,"Suite 4, Level 1",100 Overton Rd,,Williams Landing,,,,,,,,,info@quantumunited.com.au,Work 83608800,,Fax 83608899,,Email,,,,,,,,,,,,,,,,,,,,,,
rps_lng-VAD21000043,Garden Manicure,Garden Manicure,,,,,,,,,,,,,,,,gardenmanicure@ozemail.com.au,Mobile 0417807848,,Mobile 0417807848,,Email,,,,,,,,,,,,,,,,,,,,,,
rps_lng-HDO17002776,Bluestone Owners Corp - BPAY,Bluestone Owners Corp - BPAY,,,,PO Box 8633,,Armadale,Vic,3143,,,,,,,,info@bluestoneocm.com.au,,,,,Email,,,,,,,,,,,,,,,,,,,,,,
rps_lng-HDO19006017,Leaftop Garden & Property Services Pty Ltd,Leaftop Garden & Property Services Pty Ltd,,,,,,,,,,,,,,,,accounts@leaftop.com.au,Mobile 0407686910,,Mobile 0407686910,,Email,,,,,,,,,,,,,,,,,,,,,,
rps_lng-VAD21000062,Easy Living Services,Easy Living Services,,,64,Penshurt Street,,Willoughby,NSW,2068,,,,,,,,service@easy-living.com.au,Home 90948600,,Home 90948600,,Email,,,,,,,,,,,,,,,,,,,,,,
rps_lng-CHA19000095,Premium Glass,Premium Glass,,1,17,Murphy Street,,Altona North,VIC,3025,,,,,,,,craig@premiumglass.com.au,Home 1300773636,,Home 1300773636,,Email,,,,,,,,,,,,,,,,,,,,,,
rps_lng-HDO22002453,Beaumaris Plumbing & Gasfitting Pty Ltd,Beaumaris Plumbing & Gasfitting Pty Ltd,,,7E,354 Reserve Road,,Cheltenham,VIC,3192,,,,,,,,beau.plumbing@bigpond.com,Work 03 9589 1001,,Mobile 0425755546,,Email,,,,,,,,,,,,,,,,,,,,,,
rps_lng-HDO22002848,Margelis Co. Cleaning,Margelis Co. Cleaning,,,51,Reema Boulevard,,Endeavour Hills,VIC,3802,,,,,,,,emiliamargelis@gmail.com,Mobile 0410118135,,Mobile 0410118135,,Email,,,,,,,,,,,,,,,,,,,,,,
rps_lng-HDO20001456,Melb OC,Melb OC,,37,431,St Kilda Road,,Melbourne,VIC,3004,,,,,,,,oc@melboc.com.au,,,,,Email,,,,,,,,,,,,,,,,,,,,,,
rps_lng-HDO20000752,Civium Holdings Vic,Civium Holdings Vic,,39,574,Plummer Street,,Port Melbourne,VIC,3207,,,,,,,,levies@civium.com.au,,,,,Email,,,,,,,,,,,,,,,,,,,,,,
rps_lng-CVA21001805,City of Darebin,City of Darebin,,,,GPO Box 60A,,MELBOURNE,VIC,3001,,,,,,,,mailbox@darebin.vic.gov.au,,,,,Email,,,,,,,,,,,,,,,,,,,,,,
rps_lng-JAM22000014,Frankly Plumbing Pty Ltd,Frankly Plumbing Pty Ltd,,,,PO BOX 145,,Coburg,VIC,3058,,,,,,,,info@franklyplumbing.com.au,Work 03 9000 9272,,,,Email,,,,,,,,,,,,,,,,,,,,,,
rps_lng-HDO19001583,1. Do All Appliances,1. Do All Appliances,,,34,Bignell Road,Moorabbin VIC 3189,,,,,,,,,,,bookings@doallappliances.com.au,Work 9553 0660,,Fax 95530708,,Email,,,,,,,,,,,,,,,,,,,,,,
rps_lng-HDO19002941,Fox Mowing & Gardening,Fox Mowing & Gardening,,,,PO BOX 661,,Werribee,VIC,3030,,,,,,,,paulm@foxmowing.com.au,,,,,Email,,,,,,,,,,,,,,,,,,,,,,
rps_lng-HDO14000933,Eastoe Electrical,Eastoe Electrical,,1,150,Donald Street,,Brunswick East,Vic,3057,,,,,,,,info@eastoeelectrical.com.au,Mobile 0413978587,,Mobile 0413978587,,Email,,,,,,,,,,,,,,,,,,,,,,
rps_lng-HDO19001389,AGL Electricity,AGL Electricity,,,,Locked Bag 20024,Melbourne VIC 3001,,,,,,,,,,,customer.solutions@agl.com.au,Work 131 245,,,,Email,,,,,,,,,,,,,,,,,,,,,,
rps_lng-HDO19001198,Tideways Property Management,Tideways Property Management,,,,P O Box 1027,Caufield North,,Vic,3161,,,,,,,,max.hampel@tideways.com.au,Work 90016632,,,,Email,,,,,,,,,,,,,,,,,,,,,,
rps_lng-SAN21000030,Megasealed Bathrooms Australia Pty Ltd,Megasealed Bathrooms Australia Pty Ltd,,5,133,Beauchamp Road,,Matraville,NSW,2036,,,,,,,,melbournecentral@megasealed.com.au,Work 1300 658 007,,,,Email,,,,,,,,,,,,,,,,,,,,,,
rps_lng-HDO20002016,JB Fencing,JB Fencing,,,27,Rokeby Crs,,Craigieburn,VIC,3064,,,,,,,,jamie@jbfencing.com.au,,,,,Email,,,,,,,,,,,,,,,,,,,,,,
rps_lng-SAN21000143,Gulnaz Wahaf,Gulnaz Wahaf,,,,,,,,,,,,,,,,gwahaf@gmail.com,Mobile 0401825825,,Mobile 0401825825,,Email,,,,,,,,,,,,,,,,,,,,,,
rps_lng-HDO22003499,Garden Parlour,Garden Parlour,,,,,,,,,,,,,,,,gardenparlour@outlook.com,Mobile 0403668828,,Mobile 0403668828,,Email,,,,,,,,,,,,,,,,,,,,,,
rps_lng-WES20000008,Flood Response Pty Ltd,Flood Response Pty Ltd,,,,PO BOX 81,,Parkville,VIC,3052,,,,,,,,walterr@floodresponse.com.au,Work 1300 819 396,,Mobile 0447109101,,Email,,,,,,,,,,,,,,,,,,,,,,
rps_lng-HDO22003145,Hire A Hubby Preston,Hire A Hubby Preston,,,,PO Box 8024,,Northland Centre,VIC,3072,,,,,,,,preston.vic@hireahubby.com.au,Mobile 0421380902,,Mobile 0421380902,,Email,,,,,,,,,,,,,,,,,,,,,,
rps_lng-HDO22001410,Jim's Flyscreens and Blinds (Alan Cossens),Jim's Flyscreens and Blinds (Alan Cossens),,,24,Lake View Drive,,Narre Warren,VIC,3805,,,,,,,,,Mobile 0433864637,,Mobile 0433864637,,Email,,,,,,,,,,,,,,,,,,,,,,
rps_lng-CVA21002421,Flood Restoration Melbourne,Flood Restoration Melbourne,,,499,Nicholson Street,,CARLTON NORTH,VIC,3054,,,,,,,,info@floodrestoration.melbourne,,,,,Email,,,,,,,,,,,,,,,,,,,,,,
rps_lng-HDO21001704,PNK Property Maintenance,PNK Property Maintenance,,,44,Scarborough Drive,,Patterson Lakes,VIC,3197,,,,,,,,enquiries@pnkmaintenance.com.au,Work 0474106225,,Mobile 0481049387,,Email,,,,,,,,,,,,,,,,,,,,,,
rps_lng-HDO21001629,Titan Plumbing Services,Titan Plumbing Services,,,,PO Box 2058,,Altona East,VIC,3025,,,,,,,,info@titanplumbingservices.com.au,Home 1300450460,,Home 1300450460,,Email,,,,,,,,,,,,,,,,,,,,,,
rps_lng-HDO19004360,Smart House,Smart House,,,,PO Box 2075,,Camberwell West,VIC,3124,,,,,,,,info@smarthouseaustralia.com.au,Work 03 9822 3223,,,,Email,,,,,,,,,,,,,,,,,,,,,,
rps_lng-HDO08001910,G200 Blinds & Doors,G200 Blinds & Doors,,,,PO Box 82,,Glen Waverley,Vic,3150,,,,,,,,info@g200blindsanddoors.com,Mobile 0418555598,,Mobile 0418555598,,Email,,,,,,,,,,,,,,,,,,,,,,
rps_lng-CVA21001869,Plumbing Force,Plumbing Force,,,21,Hartley Road,,WONGA PARK,VIC,3115,,,,,,,,plumber@plumbingforce.com.au,Work 9722 2178,,Mobile 0418387078 Fax 97222460,,Email,,,,,,,,,,,,,,,,,,,,,,
rps_lng-HDO21001981,Araysa Building Maintenance,Araysa Building Maintenance,,,88A,Lorimer Street,,Port Melbourne,VIC,3207,,,,,,,,info@araysa.com.au,Work 1300 272 972,,Mobile 0407939367,,Email,,,,,,,,,,,,,,,,,,,,,,
rps_lng-DRE19000076,Orange Heating and Cooling,Orange Heating and Cooling,,,,,,,,,,,,,,,,info@orangeheatingandcooling.net,,,,,Email,,,,,,,,,,,,,,,,,,,,,,
rps_lng-HDO22002285,Epic Inspections,Epic Inspections,,,,PO Box 6175,,Point Cook,VIC,3030,,,,,,,,customer.service@epicinspections.com.au,Home 1300000160,,Home 1300000160,,Email,,,,,,,,,,,,,,,,,,,,,,
rps_lng-HDO12001457,Yarra Valley Water,Yarra Valley Water,,,,GPO Box 2860,,Melbourne,Vic,3001,,,,,,,,enquiry@yvw.com.au,,,Fax 0398721353,,Email,,,,,,,,,,,,,,,,,,,,,,
rps_lng-HDO19005948,Eclipse Property Photography,Eclipse Property Photography,,,,,,,,,,,,,,,,info@eclipse-photography.com.au,Mobile 0416271382,,Mobile 0416271382,,Email,,,,,,,,,,,,,,,,,,,,,,
rps_lng-HDO15002868,Strata Plan Pty Ltd,Strata Plan Pty Ltd,,,,Level 13 / 222 Kings Way,,South Melbourne,Vic,3205,,,,,,,,info@strataplan.com.au,,,,,Email,,,,,,,,,,,,,,,,,,,,,,
rps_lng-CVA21002487,Mr Antenna Trading Pty Ltd,Mr Antenna Trading Pty Ltd,,,,Po Box 934,,SOUTH MELBOURNE,VIC,3205,,,,,,,,bookings@themrgroup.com.au,,,,,Email,,,,,,,,,,,,,,,,,,,,,,
rps_lng-HDO19004445,Ones&Twos,Ones&Twos,,,,"Suite 50, Shop 336",,Point Cook,VIC,3030,,,,,,,,admin@onestwosplumbing.com.au,Work 1800663896,,,,Email,,,,,,,,,,,,,,,,,,,,,,
rps_lng-HDO23002532,N.R.L Fabrications Pty Ltd,N.R.L Fabrications Pty Ltd,,,11,Pesaro Pl,,Point Cook,VIC,3030,,,,,,,,,,,,,Email,,,,,,,,,,,,,,,,,,,,,,
rps_lng-CVA21001816,Shillinglaw Home Maintenance,Shillinglaw Home Maintenance,,,168,Danks Street,,ALBERT PARK,VIC,3206,,,,,,,,psh29941@bigpond.net.au,Mobile 0416031060,,Mobile 0416031060 Fax 0423321215,,Email,,,,,,,,,,,,,,,,,,,,,,
rps_lng-HDO17002804,LOC Strata Management,LOC Strata Management,,,,"Level 40, 140 William St",,Melbourne,Vic,3000,,,,,,,,accounts@locsm.com.au,Work 86691311,,,,Email,,,,,,,,,,,,,,,,,,,,,,
rps_lng-HDO22003052,Roller Doors Melbourne,Roller Doors Melbourne,,,,,,,,,,,,,,,,info@rollerdoorsmelbourne.com.au,Mobile 0488013363,,Mobile 0488013363,,Email,,,,,,,,,,,,,,,,,,,,,,
rps_lng-HDO19001785,Energy Australia,Energy Australia,,,,GPO Box 4491,Melbourne,,Vic,3001,,,,,,,,smecustomercare@energyaustralia.com.au,Home 0394222968,,Home 0394222968,,Email,,,,,,,,,,,,,,,,,,,,,,
rps_lng-HDO19001388,AGG Doors,AGG Doors,,11,17-23,Keppel Drive,,Hallam,VIC,3803,,,,,,,,admin@aggdoors.com.au,Work 9799 1999,,,,Email,,,,,,,,,,,,,,,,,,,,,,
rps_lng-HDO18002118,Intrinsic Cleaning Solutions,Intrinsic Cleaning Solutions,,,11,Retreat Avenue,,Cranbourne North,,3977,,,,,,,,anjana@intrinsiccs.com.au,,,,,Email,,,,,,,,,,,,,,,,,,,,,,
rps_lng-HDO23002090,SL Fencing,SL Fencing,,,96,Ashley Street,,Maidstone,VIC,3012,,,,,,,,,Mobile 0417103539,,Mobile 0417103539,,Email,,,,,,,,,,,,,,,,,,,,,,
rps_lng-HDO19002409,RACV Insurance.,RACV Insurance.,,,,,,,,,,,,,,,,HomeServAdmin@racv.com.au,,,,,Email,,,,,,,,,,,,,,,,,,,,,,
rps_lng-HDO16000995,Platinum Strata Community Management,Platinum Strata Community Management,,,,"Suite 210,673 Latrobe Street",,Docklands,Vic,3008,,,,,,,,admin@pscm.com.au,,,,,Email,,,,,,,,,,,,,,,,,,,,,,
rps_lng-HDO19005924,Non-Stop Locksmiths,Non-Stop Locksmiths,,,,PO Box 3085,,Moorabbin East,VIC,3189,,,,,,,,info@nonstoplocksmiths.com.au,Mobile 0418444166,,Mobile 0418444166,,Email,,,,,,,,,,,,,,,,,,,,,,
rps_lng-SAN22000135,Wyndham Plumbing Group,Wyndham Plumbing Group,,,,PO Box 1535,,Melton West,VIC,3337,,,,,,,,info@wyndhamplumbinggroup.com.au,Mobile 0475211235,,Mobile 0475211235,,Email,,,,,,,,,,,,,,,,,,,,,,
rps_lng-HDO22001674,Wyndham Garage Doors & Shutters,Wyndham Garage Doors & Shutters,,,,,,Werribee,VIC,3030,,,,,,,,care@wyndhamgaragedoors.com,Mobile 0497430091,,Mobile 0497430091,,Email,,,,,,,,,,,,,,,,,,,,,,
rps_lng-JAM22000013,Constant Air Con Service,Constant Air Con Service,,19,32,Silkwood Rise,,Carrum Downs,VIC,3201,,,,,,,,accounts@constanthvac.com.au,Work 0402 635 007,,,,Email,,,,,,,,,,,,,,,,,,,,,,
rps_lng-HDO19003549,Domtech Australia,Domtech Australia,,,12A,Redland Drive,,Mitcham,VIC,3132,,,,,,,,service@domtech.com.au,Home 98726850,,Home 98726850,,Email,,,,,,,,,,,,,,,,,,,,,,
rps_lng-HDO16001050,Surelec Electricians,Surelec Electricians,,,8-12,Greenwood Street,,Abbotsford,vic,3067,,,,,,,,sales@surelec.com.au,Work 9416 4425,,,,Email,,,,,,,,,,,,,,,,,,,,,,
rps_lng-HDO21001362,Combined Industrial Maintenance,Combined Industrial Maintenance,,,,7 Kirkham Road,,Murrumbeena,VIC,3163,,,,,,,,,Work 0419 834 026,,,,Email,,,,,,,,,,,,,,,,,,,,,,
rps_lng-HDO20000602,Cornerstone Property Group,Cornerstone Property Group,,16,345,Plummer Street,,Port Melbourne,VIC,3207,,,,,,,,info@cornerstonepg.com.au,Work 1300 945 116,,Mobile 0431219179,,Email,,,,,,,,,,,,,,,,,,,,,,
rps_lng-CVA21001999,Leaftop Garden & Property Services Pty Ltd,Leaftop Garden & Property Services Pty Ltd,,,271,Burwood Highway,,Burwood,VIC,3125,,,,,,,,accounts@leaftop.com.au,Mobile 0405130065,,Mobile 0405130065,,Email,,,,,,,,,,,,,,,,,,,,,,
rps_lng-HDO14002358,Sterling Properties,Sterling Properties,,,,GPO Box 2174,,Melbourne,Vic,3001,,,,,,,,sterling@sterlingproperties.com.au,Work Sterling Propet,,,,Email,,,,,,,,,,,,,,,,,,,,,,
rps_lng-VAD21000019,Propper Maintenance Pty Ltd,Propper Maintenance Pty Ltd,,,Suite 3,Level 2/118 Devonshire,,Surry Hills,NSW,2010,,,,,,,,longview@proppermaintenance.com.au,Work 1300 622 748,,,,Email,,,,,,,,,,,,,,,,,,,,,,
rps_lng-HDO07003823,AGL Gas,AGL Gas,,,,Locked Bag 20024,,Melbourne,Vic,3001,,,,,,,,,,,,,Email,,,,,,,,,,,,,,,,,,,,,,
rps_lng-SAN22000007,Melbourne Airtech,Melbourne Airtech,,,,,,,,,,,,,,,,Robert@melbourneairtech.com,Mobile 0406427446,,Mobile 0406427446,,Email,,,,,,,,,,,,,,,,,,,,,,
rps_lng-HDO16001017,Smarthouse Fire Solutions,Smarthouse Fire Solutions,,,,PO Box 2075,,Camberwell West,VIC,3124,,,,,,,,,,,,,Email,,,,,,,,,,,,,,,,,,,,,,
rps_lng-HDO19001344,Omega Security Solutions,Omega Security Solutions,,,256,Hyde Street,Yarraville,,Vic,3013,,,,,,,,omega@omegacorp.com.au,Work 96893488,,,,Email,,,,,,,,,,,,,,,,,,,,,,
rps_lng-HDO22004214,Obsidian Roofing,Obsidian Roofing,,,441,Flemington Road,,North Melbourne,VIC,3051,,,,,,,,projects@obsidianroofing.com.au,Work 1300 557 935,,,,Email,,,,,,,,,,,,,,,,,,,,,,
rps_lng-HDO21000910,Vidis Services Pty Ltd - Bulleen,Vidis Services Pty Ltd - Bulleen,,,,1 Frederick St,,Bulleen,VIC,3105,,,,,,,,,Work 0431160024,,,,Email,,,,,,,,,,,,,,,,,,,,,,
rps_lng-CVA21001824,EBM Insurance Brokers - 20362,EBM Insurance Brokers - 20362,,,,EBM Insurance Brokers,Suite,ABBOTSFORD,VIC,4/651 VIC,,,,,,,,admin@rentcover.com.au,Mobile 1800661662,,Mobile 1800661662,,Email,,,,,,,,,,,,,,,,,,,,,,
rps_lng-HDO19002757,City Of Melton,City Of Melton,,,,PO Box 21,,Melton,VIC,3337,,,,,,,,csu@melton.vic.gov.au,,,,,Email,,,,,,,,,,,,,,,,,,,,,,
rps_lng-HDO17001376,City of Whittlesea,City of Whittlesea,,,,Locked Bag 1,,Bundoora,VIC,3083,,,,,,,,info@whittlesea.vic.gov.au,,,,,Email,,,,,,,,,,,,,,,,,,,,,,
rps_lng-HDO17002818,Kaaden Doors,Kaaden Doors,,,10,Dallas Court,,Hallam,VIC,3803,,,,,,,,admin@kaadendoors.com.au,Work 1800 522 336,,Home 0481371683,,Email,,,,,,,,,,,,,,,,,,,,,,
rps_lng-HDO19001493,Mode Heating & Cooling,Mode Heating & Cooling,,21,283-293,Rex Road,,Campbellfield,VIC,3061,,,,,,,,info@modeheatingandcooling.com.au,,,,,Email,,,,,,,,,,,,,,,,,,,,,,
rps_lng-HDO19004926,Expert Appliance Repairs Pty Ltd,Expert Appliance Repairs Pty Ltd,,,81,Marquands Rd Truganina,,,,,,,,,,,,Service@Expertappliance.Com.Au,Work 0499 499 334,,,,Email,,,,,,,,,,,,,,,,,,,,,,
rps_lng-CVA21002204,Aussie Tree Services Vic Pty Ltd,Aussie Tree Services Vic Pty Ltd,,,,PO BOX 234,,MONBULK,VIC,3793,,,,,,,,team@aussietreesvic.com.au,Mobile 0419358035,,Mobile 0419358035 Fax 0295063305,,Email,,,,,,,,,,,,,,,,,,,,,,
rps_lng-HDO12002998,Lockness Locksmiths,Lockness Locksmiths,,,10,Raven Street,,Doncaster East,,3109,,,,,,,,lockness10@optusnet.com.au,Home 0404882413,,Home 0404882413,,Email,,,,,,,,,,,,,,,,,,,,,,
rps_lng-HDO19001147,Melbourne Plumbing Group,Melbourne Plumbing Group,,,20B,Rooks Road,,Nunawading,VIC,3131,,,,,,,,melbourneplumbinggroup-longview@imports.aroflo.com,Work 1300 116 486,,Mobile 0425809395,,Email,,,,,,,,,,,,,,,,,,,,,,
rps_lng-HDO19001148,Melcorp Strata Pty Ltd,Melcorp Strata Pty Ltd,,,477,Swanston Street,,Melbourne,VIC,3000,,,,,,,,info@melcorpstrata.com.au,Work 86381822,,,,Email,,,,,,,,,,,,,,,,,,,,,,
rps_lng-HDO22001433,SGM Property Solutions,SGM Property Solutions,,,,,,,,,,,,,,,,sgmpropertysolutions@hotmail.com,,,,,Email,,,,,,,,,,,,,,,,,,,,,,
rps_lng-HDO19001839,Network Pacific Strata Management,Network Pacific Strata Management,,,,Building 5,303 Burwood Hwy,,Burwood East,,,,,,,,,info@networkpacific.com.au,Work 98164722,,Fax 98164799,,Email,,,,,,,,,,,,,,,,,,,,,,
rps_lng-HDO19001423,Australian Body Corporate,Australian Body Corporate,,,,PO Box 278,Doncaster Heights,,VIC,3109,,,,,,,,admin@ausbodycorp.com.au,Work 0384188787,,,,Email,,,,,,,,,,,,,,,,,,,,,,
rps_lng-HDO23002113,KaiKleans,KaiKleans,,,56,Kavanagh Cres,,Keilor Downs,VIC,3038,,,,,,,,admin@kaikleans.com.au,Mobile 0451221911,,Mobile 0451221911,,Email,,,,,,,,,,,,,,,,,,,,,,
rps_lng-DRE21000030,Jim's Mowing,Jim's Mowing,,,,,,,,,,,,,,,,shane.panczel@jimsmowing.net,Mobile 0404430303,,Mobile 0404430303,,Email,,,,,,,,,,,,,,,,,,,,,,
rps_lng-HDO22002879,SMS Property Maintenance Australia Pty Ltd,SMS Property Maintenance Australia Pty Ltd,,,161,Sturt Street,,Southbank,VIC,3006,,,,,,,,steven@smspm.au,,,,,Email,,,,,,,,,,,,,,,,,,,,,,
rps_lng-HDO15000944,1. Ownerscorp Commercial,1. Ownerscorp Commercial,,,,"Suite 33, 34 Queens Road",,Melbourne,Vic,3004,,,,,,,,ownerscorpservices@tbre.net.au,,,Fax 0398208977,,Email,,,,,,,,,,,,,,,,,,,,,,
rps_lng-HDO18000933,Water Masters,Water Masters,,,,PO Box 604,,Black Rock,VIC,3193,,,,,,,,accounts@watermasterplumbing.com.au,,,,,Email,,,,,,,,,,,,,,,,,,,,,,
rps_lng-CVA21001913,Property Insurance Plus,Property Insurance Plus,,,,PO Box 2230,,Mount Waverly,VIC,3149,,,,,,,,remittances@pi-plus.com.au,Mobile 0411430336,,Mobile 0411430336,,Email,,,,,,,,,,,,,,,,,,,,,,
rps_lng-HDO13002437,Ace Body Corporate BPAY,Ace Body Corporate BPAY,,,,"DEFT Payment System
PO Box 2174",,Melbourne,Vic,3001,,,,,,,,,,,Fax 98468117,,Email,,,,,,,,,,,,,,,,,,,,,,
rps_lng-HDO12001444,Body Corporate Guardians Pty Ltd,Body Corporate Guardians Pty Ltd,,,,"DEFT Payment Systems
GPO Box 2174",,Melbourne,Vic,3001,,,,,,,,admin@bodycorporateguardians.com.au,,,Fax 0395215300,,Email,,,,,,,,,,,,,,,,,,,,,,
rps_lng-HDO21002700,Future Rent Capital Pty Ltd,Future Rent Capital Pty Ltd,,,,"Level 8,11-31 York Street",,Sydney,NSW,2000,,,,,,,,secretary@futurerent.com.au,,,,,Email,,,,,,,,,,,,,,,,,,,,,,
rps_lng-HDO19004001,Oates Roofing Maintenance Services Pty Ltd,Oates Roofing Maintenance Services Pty Ltd,,,,,,,,,,,,,,,,admin@oatesroofing.com.au,Mobile 0435695466,,Mobile 0435695466,,Email,,,,,,,,,,,,,,,,,,,,,,
rps_lng-CVA21002484,Gentec Electrics,Gentec Electrics,,,137,Wilson Boulevard,,RESERVOIR,VIC,3073,,,,,,,,matt@gentecelectrics.com.au,Mobile 0411726859,,Mobile 0411726859,,Email,,,,,,,,,,,,,,,,,,,,,,
rps_lng-HDO19002668,Appliance Fix,Appliance Fix,,,,PO Box 220,,Carnegie,VIC,3163,,,,,,,,info@appliancefix.com.au,Mobile 0401923173,,Mobile 0401923173,,Email,,,,,,,,,,,,,,,,,,,,,,
rps_lng-HDO21000430,A Grade Maintenance Service Pty Ltd,A Grade Maintenance Service Pty Ltd,,,,,,,,,,,,,,,,,Work 1300 208 262,,,,Email,,,,,,,,,,,,,,,,,,,,,,
rps_lng-CVA21001882,AirMac Solutions,AirMac Solutions,,1,43,Cluden Street,,BRIGHTON EAST,VIC,3187,,,,,,,,joel@airmacsolutions.com.au,Mobile 0418363927,,Mobile 0418363927,,Email,,,,,,,,,,,,,,,,,,,,,,
rps_lng-HDO19001429,Brimbank Fencing,Brimbank Fencing,,,,P O Box 51,St Albans,,Vic,3021,,,,,,,,,Work 9390 9777,,,,Email,,,,,,,,,,,,,,,,,,,,,,
rps_lng-CVA21002455,Peachy Clean Home Cleaning Service,Peachy Clean Home Cleaning Service,,,30,Portland Street,,MULGRAVE,VIC,3170,,,,,,,,peachycleaningservices7@gmail.com,,,,,Email,,,,,,,,,,,,,,,,,,,,,,
rps_lng-CVA21002273,Domain & Co Project Management,Domain & Co Project Management,,,150,Burwood Road,,HAWTHORN,VIC,3122,,,,,,,,,,,,,Email,,,,,,,,,,,,,,,,,,,,,,
rps_lng-HDO23002073,Jim's Mowing (Maribyrnong),Jim's Mowing (Maribyrnong),,,97-99,RALEIGH RD,,Maribyrnong,VIC,3032,,,,,,,,muhammad.farooq@jimsmowing.net,Mobile 0490385345,,Mobile 0490385345,,Email,,,,,,,,,,,,,,,,,,,,,,
rps_lng-HDO09001040,Quicklift Garage Doors,Quicklift Garage Doors,,,61-63,Glenvale Cres,,Mulgrave,VIC,3170,,,,,,,,office@quickliftdoors.com.au,Work 9729 6899,,,,Email,,,,,,,,,,,,,,,,,,,,,,
rps_lng-HDO14002417,VBCS,VBCS,,,,"DEFT Payment Systems
GPO Box 2174",,Melbourne,Vic,3001,,,,,,,,levies@vbcs.com.au,,,,,Email,,,,,,,,,,,,,,,,,,,,,,
rps_lng-HDO19001786,Engine Property Group Pty Ltd,Engine Property Group Pty Ltd,,,,"Suite 201, 126 Wellington Parade",East Melbourne,,VIC,3002,,,,,,,,Reception@enginepropertygroup.com.au,Work 1800 364 463,,,,Email,,,,,,,,,,,,,,,,,,,,,,
rps_lng-HDO17002839,Patterson Locksmiths Pty Ltd,Patterson Locksmiths Pty Ltd,,,,,,,,,,,,,,,,accounts@pattersonlocksmiths.com.au,Mobile 1300061730,,Mobile 1300061730,,Email,,,,,,,,,,,,,,,,,,,,,,
rps_lng-HDO19001084,Binks & Associates,Binks & Associates,,,,Owners Corporation Plan No. 630765,c/o Binks & Associates,,PO,3127,,,,,,,,,Work 03 9536 5700,,,,Email,,,,,,,,,,,,,,,,,,,,,,
rps_lng-SAN21000109,Total Plumbing and Gas Fitting,Total Plumbing and Gas Fitting,,,,PO Box 3133,,Caroline Springs,VIC,3023,,,,,,,,lisa@totalplumbing.net.au,Mobile 0418550372,,Mobile 0418550372,,Email,,,,,,,,,,,,,,,,,,,,,,
rps_lng-HDO23000471,Jim's Antennas (Greenvale),Jim's Antennas (Greenvale),,,19,Riviera Dr,,Hillside,VIC,3037,,,,,,,,nader.faltas@jimsantennas.com.au,Mobile 0402956100,,Mobile 0402956100,,Email,,,,,,,,,,,,,,,,,,,,,,
rps_lng-HDO19001428,Brimbank City Council,Brimbank City Council,,,,P O Box 70,Sunshine,,Vic,3020,,,,,,,,info@brimbank.vic.gov.au,Work 92494000,,,,Email,,,,,,,,,,,,,,,,,,,,,,
rps_lng-CVA21001890,SM & JA Taylor Appliance Services,SM & JA Taylor Appliance Services,,,21,Gymkhana Court,,ENDEAVOUR HILLS,VIC,3802,,,,,,,,sta33533@bigpond.net.au,,,,,Email,,,,,,,,,,,,,,,,,,,,,,
rps_lng-DRE21000033,Point Cook Door Service Pty Ltd,Point Cook Door Service Pty Ltd,,,7,Water Stone Cove,,Point Cook,VIC,3030,,,,,,,,admin@pointcookdoorservice.com.au,Work 03 9395 9439,,,,Email,,,,,,,,,,,,,,,,,,,,,,
rps_lng-HDO22003692,All Brands Servicing,All Brands Servicing,,,,,,,,,,,,,,,,,Work 03 5367 7646,,,,Email,,,,,,,,,,,,,,,,,,,,,,
rps_lng-HDO17001355,E-Lift Pty Ltd,E-Lift Pty Ltd,,,2,Higinbotham Rise,,Berwick,VIC,3806,,,,,,,,michael.ling@elift.com.au,Mobile 0412166215,,Mobile 0412166215,,Email,,,,,,,,,,,,,,,,,,,,,,
rps_lng-WES20000156,Inner Living,Inner Living,,,20,Superior Avenue,,Rowville,VIC,3178,,,,,,,,innerliving@hotmail.com,Mobile 0402303804,,Mobile 0402303804,,Email,,,,,,,,,,,,,,,,,,,,,,
rps_lng-HDO19001790,Essential Community,Essential Community,,,,,,,,,,,,,,,,info@essentialcommunity.com.au,,,,,Email,,,,,,,,,,,,,,,,,,,,,,
rps_lng-HDO15002945,1. Pestwise Possum & Pest Control,1. Pestwise Possum & Pest Control,,,,PO Box 582,,Brentford Square,VIC,3131,,,,,,,,pestwise@hotmail.com,Work 03 9886 6009,,,,Email,,,,,,,,,,,,,,,,,,,,,,
rps_lng-CVA21001810,City of Port Phillip,City of Port Phillip,,,,Private Bag 14808,,MELBOURNE MAIL CENTRE,VIC,8299,,,,,,,,assist@portphillip.vic.gov.au,,,,,Email,,,,,,,,,,,,,,,,,,,,,,
rps_lng-CVA21002429,Protech Pest Control,Protech Pest Control,,,,Factory 4/11 Cooper Street,,CAMPBELLFIELD,VIC,3061,,,,,,,,theresa@protechpest.com.au,Work 1300 486 149,,,,Email,,,,,,,,,,,,,,,,,,,,,,
rps_lng-HDO12001477,City of Stonnington,City of Stonnington,,,,GPO Box 4684,,Melbourne,Vic,3001,,,,,,,,rates@stonnington.vic.gov.au,,,,,Email,,,,,,,,,,,,,,,,,,,,,,
rps_lng-HDO19001325,MBCM - BPAY,MBCM - BPAY,,,,,,,,,,,,,,,,info@mbcmfootscray.com.au,Work 93178265,,,,Email,,,,,,,,,,,,,,,,,,,,,,
rps_lng-HDO19002005,PDS Garage Doors & Gates,PDS Garage Doors & Gates,,,38,Yale Drive,Epping VIC 3076,,,,,,,,,,,service@pdsdoors.com.au,Mobile 94083418,,Mobile 94083418,,Email,,,,,,,,,,,,,,,,,,,,,,
rps_lng-HDO19001895,AMG Air Conditioning,AMG Air Conditioning,,,64,Colorado Crescent,Rowville VIC 3178,,,,,,,,,,,amgair@amgair.com.au,Work 0419 297 331,,Fax 97648474,,Email,,,,,,,,,,,,,,,,,,,,,,
rps_lng-HDO22004315,Local Melbourne Roof Plumbers,Local Melbourne Roof Plumbers,,,,PO Box 10,,Coburg,VIC,3058,,,,,,,,admin@melbourneroofplumbers.com.au,Mobile 0429999690,,Mobile 0429999690,,Email,,,,,,,,,,,,,,,,,,,,,,
rps_lng-HDO20001306,"Hook, Line & Sink Plumbing","Hook, Line & Sink Plumbing",,,24,Melinga Cres,,Chadstone,VIC,3148,,,,,,,,info@hooklineandsink.com,Mobile 0449154881,,Mobile 0449154881 Home 1300893407,,Email,,,,,,,,,,,,,,,,,,,,,,
rps_lng-SAN22000248,Eureka Tower - PS 437659C,Eureka Tower - PS 437659C,,,7,Riverside Quay,,Southbank,VIC,3006,,,,,,,,g.coleman@eurekatower.com.au,,,,,Email,,,,,,,,,,,,,,,,,,,,,,
rps_lng-CVA21004419,Smarter Care Home Protection,Smarter Care Home Protection,,,18,Drake Boulevard,,ALTONA,VIC,3018,,,,,,,,accounts@smartercare.com.au,,,,,Email,,,,,,,,,,,,,,,,,,,,,,
rps_lng-HDO07003843,DEFT Payment Systems,DEFT Payment Systems,,,,GPO Box 2174,,Melbourne,Vic,3001,,,,,,,,,,,Fax 97961494,,Email,,,,,,,,,,,,,,,,,,,,,,
rps_lng-DRE22000009,Hutt Electrical Pty Ltd,Hutt Electrical Pty Ltd,,Factory 8,43-,Vinter Road,,Croydon,VIC,3136,,,,,,,,info@huttelectrical.com.au,Mobile 0411300772,,Mobile 0411300772,,Email,,,,,,,,,,,,,,,,,,,,,,
rps_lng-HDO19001170,Premier Pest Management,Premier Pest Management,,,,,,,,,,,,,,,,premierpestman@optusnet.com.au,,,,,Email,,,,,,,,,,,,,,,,,,,,,,
rps_lng-HDO19001095,City of Boroondara,City of Boroondara,,,,,,,,,,,,,,,,boroondara@boroondara.vic.gov.au,Work 92784444,,,,Email,,,,,,,,,,,,,,,,,,,,,,
rps_lng-RPT19000002,Longview Guaranteed Rent Account,Longview Guaranteed Rent Account,,,,.,,,,,,,,,,,,accounts@longview.com.au,,,,,Email,,,,,,,,,,,,,,,,,,,,,,
rps_lng-HDO19001749,Access Strata Management Pty Ltd,Access Strata Management Pty Ltd,,,,PO Box 380,Mitcham,,Vic,3132,,,,,,,,klair@accessstrata.com.au,Work 88727999,,,,Email,,,,,,,,,,,,,,,,,,,,,,
rps_lng-DRE20000094,FH JL PTY LTD,FH JL PTY LTD,,,,,,,,,,,,,,,,linbuildingservice@gmail.com,Work 0426235295,,,,Email,,,,,,,,,,,,,,,,,,,,,,
rps_lng-HDO23000533,JAB Locksmiths,JAB Locksmiths,,,,PO Box 178,,Keilor,VIC,3036,,,,,,,,service@jablocksmiths.com.au,Mobile 0383908390,,Mobile 0383908390,,Email,,,,,,,,,,,,,,,,,,,,,,
rps_lng-WES21000001,Frozen Air A/C Pty Ltd,Frozen Air A/C Pty Ltd,,,72,Popes Road,,Keysborough,VIC,3173,,,,,,,,frozenair.ac@hotmail.com,Mobile 0401602482,,Mobile 0401602482,,Email,,,,,,,,,,,,,,,,,,,,,,
rps_lng-HDO22002894,DLK Electrical Solutions,DLK Electrical Solutions,,,,,,,,,,,,,,,,dlkelectricalsolutions@gmail.com,Mobile 0418855928,,Mobile 0418855928,,Email,,,,,,,,,,,,,,,,,,,,,,
rps_lng-CVA21002006,Appliances Online,Appliances Online,,,20A,Danks Street,,REDFERN,NSW,2016,,,,,,,,commercial@appliancesonline.com.au,Mobile 0400144478,,Mobile 0400144478,,Email,,,,,,,,,,,,,,,,,,,,,,
rps_lng-HDO08001895,Dom Tech Appliances,Dom Tech Appliances,,,12,Redland Drive,,Mitcham,Vic,3132,,,,,,,,service@domtech.com.au,Work 9872 6850,,Fax 98726851,,Email,,,,,,,,,,,,,,,,,,,,,,
rps_lng-HDO19004791,Premac Air Conditioning,Premac Air Conditioning,,,,,,,,,,,,,,,,service@premacair.com.au,Mobile 0421275902,,Mobile 0421275902,,Email,,,,,,,,,,,,,,,,,,,,,,
rps_lng-HDO22002507,Nationwide Property Servicing Pty Ltd,Nationwide Property Servicing Pty Ltd,,,12,Barringun Crescent,,Clayton South,VIC,3169,,,,,,,,info@nationwideconstruction.com.au,Work 9512 8015,,Mobile 0409183737,,Email,,,,,,,,,,,,,,,,,,,,,,
rps_lng-HDO23000336,Megasealed Southern Peninsula,Megasealed Southern Peninsula,,5,133,Beauchamp Road,,Matraville,NSW,2036,,,,,,,,Angela.Blaivas@megasealed.com.au,Work 1300 658 007,,,,Email,,,,,,,,,,,,,,,,,,,,,,
rps_lng-HDO23000141,Smarter Heating and Cooling,Smarter Heating and Cooling,,,18,Drake Blvd,,Altona,VIC,3018,,,,,,,,admin@smartercare.com.au,Work 1300 754 090,,,,Email,,,,,,,,,,,,,,,,,,,,,,
rps_lng-CVA21004237,Fix 'N' Chips Inner Melbourne,Fix 'N' Chips Inner Melbourne,,,,,,,,,,,,,,,,innermelbourne@fixnchips.com.au,Mobile 0413586693,,Mobile 0413586693,,Email,,,,,,,,,,,,,,,,,,,,,,
rps_lng-HDO07003787,Ross Hunt Real Estate BPAY,Ross Hunt Real Estate BPAY,,,,Locked Bag No 1,,Surrey Hills,Vic,3127,,,,,,,,rosshunt@rosshunt.com.au,,,,,Email,,,,,,,,,,,,,,,,,,,,,,
rps_lng-HDO15002882,Engine Property Group,Engine Property Group,,,,"DEFT Payment Systems
GPO Box 2174",,Melbourne,Vic,3001,,,,,,,,finance@enginepropertygroup.com.au,,,,,Email,,,,,,,,,,,,,,,,,,,,,,
rps_lng-HDO15001023,Total Gas Care Services,Total Gas Care Services,,,,P.O. Box 329,,Elwood,Vic,3184,,,,,,,,bookings@totalgascare.com.au,,,Fax 95024853,,Email,,,,,,,,,,,,,,,,,,,,,,
rps_lng-HDO19001307,Hume City Council,Hume City Council,,,,P O Box 119,Dallas,,Vic,3047,,,,,,,,contactus@hume.vic.gov.au,Work 92052200,,,,Email,,,,,,,,,,,,,,,,,,,,,,
rps_lng-HDO12001504,Greater Western Water,Greater Western Water,,,,PO Box 262,,Richmond,Vic,3121,,,,,,,,contact@gww.com.au,,,,,Email,,,,,,,,,,,,,,,,,,,,,,
rps_lng-HDO19001338,Network Pacific  PS629585,Network Pacific  PS629585,,,,"Building 5, 303 Burwood Highway",,Burwood East,VIC,3151,,,,,,,,INFO@NETWORKPACIFIC.COM.AU,,,,,Email,,,,,,,,,,,,,,,,,,,,,,
rps_lng-HDO12001472,City of Port Phillip,City of Port Phillip,,,,Private Bag 3,,St Kilda,Vic,3182,,,,,,,,helprate@portphillip.vic.gov.au,,,,,Email,,,,,,,,,,,,,,,,,,,,,,
rps_lng-HDO22002256,Melbourne Glass Repair Pty Ltd,Melbourne Glass Repair Pty Ltd,,,,Factory 2 15-17 Tower Crt,,Noble Park,VIC,3174,,,,,,,,mglassr@gmail.com,Mobile 0422658311,,Mobile 0422658311,,Email,,,,,,,,,,,,,,,,,,,,,,
rps_lng-HDO19003559,BFG Asset Management,BFG Asset Management,,,,"Level 7, 484 St Kilda Road",,Melbourne,VIC,3004,,,,,,,,dana@bfgam.com.au,Work 98048770,,,,Email,,,,,,,,,,,,,,,,,,,,,,
rps_lng-HDO19001782,Electrolux,Electrolux,,,,,,,,,,,,,,,,contracts@electrolux.com.au,Work 131349,,,,Email,,,,,,,,,,,,,,,,,,,,,,
rps_lng-CVA21002586,Hive Strata,Hive Strata,,,,PO Box 1703,,PRESTON SOUTH,VIC,3072,,,,,,,,,,,,,Email,,,,,,,,,,,,,,,,,,,,,,
rps_lng-HDO07003759,City Of Glen Eira,City Of Glen Eira,,,,Cnr Hawthorn & Glen Eira Rds,,Caulfield,Vic,3162,,,,,,,,,,,,,Email,,,,,,,,,,,,,,,,,,,,,,
rps_lng-HDO19001108,City Of Darebin,City Of Darebin,,,,,,,,,,,,,,,,mailbox@darebin.vic.gov.au,Work 1300954297,,,,Email,,,,,,,,,,,,,,,,,,,,,,
rps_lng-HDO19001862,Select Strata Communities,Select Strata Communities,,,711,High Street,,Kew East,VIC,3102,,,,,,,,info@selectsc.com.au,,,,,Email,,,,,,,,,,,,,,,,,,,,,,
rps_lng-HDO19006010,J T GARDENS AND MAINTENANCE,J T GARDENS AND MAINTENANCE,,,,PO Box 4378,,Hoppers Crossing,VIC,3029,,,,,,,,info@jtgardens.com.au,Mobile 0409198548,,Mobile 0409198548,,Email,,,,,,,,,,,,,,,,,,,,,,
rps_lng-HDO19001078,All West Mobile Locksmiths,All West Mobile Locksmiths,,,14,Dorrington Street,Point Cook,,Vic,3030,,,,,,,,allwestlock@gmail.com,Mobile 0411484552,,Mobile 0411484552 Fax 033956911,,Email,,,,,,,,,,,,,,,,,,,,,,
rps_lng-SAN21000073,Bersih Co,Bersih Co,,1102,580,Collins Street,,Melbourne,VIC,3000,,,,,,,,admin@bersihco.com.au,Work +61411312628,,,,Email,,,,,,,,,,,,,,,,,,,,,,
rps_lng-HDO07003812,Body Corporate Strata Group,Body Corporate Strata Group,,,,"DEFT Payment Systems
GPO Box 2174",,Melbourne,Vic,3001,,,,,,,,,,,,,Email,,,,,,,,,,,,,,,,,,,,,,
rps_lng-HDO21001573,Aquatek Plumbing Services,Aquatek Plumbing Services,,1,25,Peel Street,,Eltham,VIC,3095,,,,,,,,aquatekplumbing@outlook.com,Mobile 0430538478,,Mobile 0430538478,,Email,,,,,,,,,,,,,,,,,,,,,,
rps_lng-HDO13000942,1. Fixed Plumbing & Gasfitting,1. Fixed Plumbing & Gasfitting,,,,PO Box 238,,Seaford,Vic,3198,,,,,,,,fixed.plumbing@bigpond.com,,,Fax 0397868143,,Email,,,,,,,,,,,,,,,,,,,,,,
rps_lng-HDO07003797,South East Water,South East Water,,,,Locked Bag 1,,Heatherton,Vic,3202,,,,,,,,support@sew.com.au,,,,,Email,,,,,,,,,,,,,,,,,,,,,,
rps_lng-CVA21001874,Eastern Garage Door Services,Eastern Garage Door Services,,,,P.O. Box 147,,PARK ORCHARDS,VIC,3114,,,,,,,,sales@easterngaragedoors.com.au,Mobile 0411129615,,Mobile 0411129615,,Email,,,,,,,,,,,,,,,,,,,,,,
rps_lng-HDO19001102,Cyclic Maintenance,Cyclic Maintenance,,1,533,Highett Road,,Highett,VIC,3190,,,,,,,,admin@cyclicmaintenance.com.au,Work 9596 3402,,,,Email,,,,,,,,,,,,,,,,,,,,,,
rps_lng-CVA21002238,KPS Plumbing Services,KPS Plumbing Services,,,32,Thorseby Grove,,IVANHOE,VIC,3079,,,,,,,,chris@kingsfordps.com.au,Mobile 0438590286,,Mobile 0438590286,,Email,,,,,,,,,,,,,,,,,,,,,,
rps_lng-HDO19004564,Appliances Online,Appliances Online,,2,20,Danks Street,,Redfern,NSW,2016,,,,,,,,commercial@appliancesonline.com.au,,,,,Email,,,,,,,,,,,,,,,,,,,,,,
rps_lng-CVA21002476,Fawkner May,Fawkner May,,,,Fawkner May,PO Box 878,CAMBERWELL SOUTH,VIC,3124,,,,,,,,rickdeering@fawknermay.com.au,,,,,Email,,,,,,,,,,,,,,,,,,,,,,
rps_lng-HDO22001798,Global Blinds & Curtains,Global Blinds & Curtains,,6,14-26,Audsley Street,,Clayton South,VIC,3169,,,,,,,,admin@globlinds.com.au,Work +61 450 798 633,,,,Email,,,,,,,,,,,,,,,,,,,,,,
rps_lng-HDO22001401,High And Low Home Maintenance,High And Low Home Maintenance,,,,,,,,,,,,,,,,highandlowmaintenance@hotmail.com,Mobile 0457001861,,Mobile 0457001861,,Email,,,,,,,,,,,,,,,,,,,,,,
rps_lng-HDO20002103,Termicon Pty Ltd ATF,Termicon Pty Ltd ATF,,,86,,,Brunswick East,VIC,3057,,,,,,,,accounts@termicon.com.au,,,,,Email,,,,,,,,,,,,,,,,,,,,,,
rps_lng-HDO19001304,Hobsons Bay City Council,Hobsons Bay City Council,,,115,Civic Parade,Altona,,Vic,3018,,,,,,,,customerservice@hobsonsbay.vic.gov.au,Work 9932 1000,,,,Email,,,,,,,,,,,,,,,,,,,,,,
rps_lng-CHA19000037,Ace Locksmiths,Ace Locksmiths,,,29,Carlisle Street,,St Kilda,VIC,3182,,,,,,,,sales@acelocksmiths.com,Work 03 9534 0586,,,,Email,,,,,,,,,,,,,,,,,,,,,,
rps_lng-HDO19001202,Longview Real Estate Operating A/C,Longview Real Estate Operating A/C,,,,,,,,,,,,,,,,accounts@longview.com.au,,,,,Email,,,,,,,,,,,,,,,,,,,,,,
rps_lng-HDO22000626,Unison Property Corporation Pty Ltd,Unison Property Corporation Pty Ltd,,,,-,,,,,,,,,,,,,,,,,Email,,,,,,,,,,,,,,,,,,,,,,
rps_lng-CVA21004279,Jetmaster (Vic) Pty Ltd,Jetmaster (Vic) Pty Ltd,,,444,Swan Street,,RICHMOND,VIC,3121,,,,,,,,,,,,,Email,,,,,,,,,,,,,,,,,,,,,,
rps_lng-HDO07003770,EBM Insurance Brokers,EBM Insurance Brokers,,,,"Reply Paid 2362
Suite 4/651 Victor",,Abbotsford,Vic,3067,,,,,,,,admin@rentcover.com.au,,,,,Email,,,,,,,,,,,,,,,,,,,,,,
rps_lng-HDO22002004,Jim's Building Inspections (Balwyn),Jim's Building Inspections (Balwyn),,,1,1-3 Albert Street,,Blackburn,VIC,3130,,,,,,,,balwyn@jimsbuildinginspections.com.au,Mobile 0417006617,,Mobile 0417006617,,Email,,,,,,,,,,,,,,,,,,,,,,
rps_lng-HDO23002199,AstroTec Communications Pty Ltd,AstroTec Communications Pty Ltd,,,28-30,Kingsley Cloe,,Rowville,VIC,3178,,,,,,,,admin@astrotec.com.au,,,,,Email,,,,,,,,,,,,,,,,,,,,,,
rps_lng-CVA21002500,Tile Rescue,Tile Rescue,,,62,Ardlie Street,,ATTWOOD,VIC,3049,,,,,,,,carolinesprings@tilerescue.com.au,,,,,Email,,,,,,,,,,,,,,,,,,,,,,
rps_lng-CVA21001939,Gutter Blasters,Gutter Blasters,,,11,Margaret Court,,WARRANDYTE,VIC,3113,,,,,,,,garry@gutterblasters.com.au,,,,,Email,,,,,,,,,,,,,,,,,,,,,,
rps_lng-HDO19001597,Guardian Locksmiths,Guardian Locksmiths,,,2,Netherton Place,Caroline Springs VIC 3023,,,,,,,,,,,guardianlocksmiths@gmail.com,,,,,Email,,,,,,,,,,,,,,,,,,,,,,
rps_lng-HDO19001219,Avanti Services,Avanti Services,,,,"PO Box 2061, Lalor Plaza",Lalor VIC 3075,,,,,,,,,,,avantiremotes@bigpond.com,,,,,Email,,,,,,,,,,,,,,,,,,,,,,
rps_lng-HDO21001294,Jim's Flyscreens and Blinds,Jim's Flyscreens and Blinds,,,,24 Lake View Drive,,Narre Warren South,VIC,3805,,,,,,,,alan@jimsflyscreensandblinds.com.au,Mobile 0433864637,,Mobile 0433864637,,Email,,,,,,,,,,,,,,,,,,,,,,
rps_lng-HDO19001332,McKIE PROPERTY MANAGEMENT,McKIE PROPERTY MANAGEMENT,,,,P O Box 140,Niddrie,,Vic,3042,,,,,,,,admin@mckiegroup.com.au,Work 9338 4728,,,,Email,,,,,,,,,,,,,,,,,,,,,,
rps_lng-CVA21001986,Patterson Locksmith,Patterson Locksmith,,,,P.O. Box 2235,,RINGWOOD NORTH,VIC,3134,,,,,,,,tom@pattersonlocksmiths.com.au,Mobile 0411555596,,Mobile 0411555596,,Email,,,,,,,,,,,,,,,,,,,,,,
rps_lng-HDO19001968,The Knight Alliance,The Knight Alliance,,,828,Burke Road,,Camberwell,VIC,3124,,,,,,,,feenotice@theknight.com.au,,,,,Email,,,,,,,,,,,,,,,,,,,,,,
rps_lng-CVA21004361,Oz Wide Gutter Cleaning,Oz Wide Gutter Cleaning,,,PO Box 893,,,BERWICK,VIC,3806,,,,,,,,admin@gutter-clean.com.au,Home 1300800757,,Home 1300800757,,Email,,,,,,,,,,,,,,,,,,,,,,
rps_lng-HDO19005771,Marsh Advantage Insurance,Marsh Advantage Insurance,,,,Po Box H176,,Australia Square,NSW,1215,,,,,,,,richard.callaghan@marshadvantage.com,,,,,Email,,,,,,,,,,,,,,,,,,,,,,
rps_lng-HDO23002603,Commtel Services,Commtel Services,,,68,Power Road,,Doveton,VIC,3177,,,,,,,,admin@commtelservices.com.au,Mobile 0404947947,,Mobile 0404947947,,Email,,,,,,,,,,,,,,,,,,,,,,
rps_lng-HDO19001716,Strata Plan,Strata Plan,,,,Level 13/222 Kingsway,,South Melbourne,VIC,3205,,,,,,,,info@strataplan.com.au,Work 1300 278 728,,,,Email,,,,,,,,,,,,,,,,,,,,,,
rps_lng-HDO23000139,Jim's Mowing (Hillside),Jim's Mowing (Hillside),,,,Faircroft Drive,,Brookfield,VIC,3338,,,,,,,,scott.cain@jimsmowing.net,Mobile 0418612155,,Mobile 0418612155,,Email,,,,,,,,,,,,,,,,,,,,,,
rps_lng-HDO19001245,Active Appliance Repairs,Active Appliance Repairs,,,,Factory 1/5 Industrial Avenue,Hoppers Crossing,,Vic,3029,,,,,,,,activeappliances@westnet.com.au,Work 03 9369 5296,,Fax 93697259,,Email,,,,,,,,,,,,,,,,,,,,,,
rps_lng-HDO23001198,Perfect TV Picture,Perfect TV Picture,,,,,,,,,,,,,,,,sales@antennastoday.com.au,Mobile 0409888228,,Mobile 0409888228,,Email,,,,,,,,,,,,,,,,,,,,,,
rps_lng-VAD21000045,BS Electrical Pty Ltd,BS Electrical Pty Ltd,,6,8,Enterprise Dr,,Rowville,VIC,3178,,,,,,,,samantha@bselectric.com.au,,,,,Email,,,,,,,,,,,,,,,,,,,,,,
rps_lng-HDO19001746,AAA Glass,AAA Glass,,,67,Sharps Rd Tullamarine 3043,"Postal: PO Box 216, Tullamarin",,3043,,,,,,,,,enquiries@aaaglass.com.au,Work 93381281,,Fax 93380096,,Email,,,,,,,,,,,,,,,,,,,,,,
rps_lng-HDO11001512,Body Corporate Services,Body Corporate Services,,,,Level 14/575 Bourke Steet,,Melbourne,Vic,3000,,,,,,,,bcs_melbourne@bcssm.com.au,Work 1300880227,,Fax 96161698,,Email,,,,,,,,,,,,,,,,,,,,,,
rps_lng-HDO22003546,MICM Property - ABA,MICM Property - ABA,,,,-,,,,,,,,,,,,,,,,,Email,,,,,,,,,,,,,,,,,,,,,,
rps_lng-HDO19001152,1. Shire Of Melton,1. Shire Of Melton,,,,P O Box 21,Melton,,Vic,3337,,,,,,,,revenue@melton.vic.gov.au,Work 039747 7200,,Fax 0397439970,,Email,,,,,,,,,,,,,,,,,,,,,,
rps_lng-HDO19002137,Natural Pest Control,Natural Pest Control,,,,PO BOX 2167,Taylors Lakes VIC 3038,,,,,,,,,,,,Work 1800 067 711,,Fax 0393906566,,Email,,,,,,,,,,,,,,,,,,,,,,
rps_lng-HDO19001146,City of Melbourne,City of Melbourne,,,,GPO Box 2158,Melbourne,,Vic,3001,,,,,,,,rates@melbourne.vic.gov.au,Work 03 96589658,,,,Email,,,,,,,,,,,,,,,,,,,,,,
rps_lng-HDO19002133,MSZ Tree Lopping Service,MSZ Tree Lopping Service,,,558,Greigs Road,Rockbank VIC 3335,,,,,,,,,,,mzold@bigpond.net.au,Work 9747 1322,,Fax 97471320,,Email,,,,,,,,,,,,,,,,,,,,,,
rps_lng-HDO23002295,NCML,NCML,,,,,,,,,,,,,,,,contact@ncml.com.au,,,,,Email,,,,,,,,,,,,,,,,,,,,,,
rps_lng-HDO19002113,Just Doors & Screens,Just Doors & Screens,,,18,Milne St,Thomastown VIC 3074,,,,,,,,,,,info@justdoorsandscreens.com.au,Work 9464 0764,,,,Email,,,,,,,,,,,,,,,,,,,,,,
rps_lng-HDO22002424,1. Araysa Building Maintenance,1. Araysa Building Maintenance,,,88A,Lorimer Street,,Docklands,VIC,3008,,,,,,,,,,,,,Email,,,,,,,,,,,,,,,,,,,,,,
rps_lng-HDO19002152,Plum Heating & Cooling,Plum Heating & Cooling,,,,"Unit 4,  22-30 Wallace Avenue",Point COOK 3023,,,,,,,,,,,contact@plumheatcool.com.au,Work 8360 9622,,Fax 83609633,,Email,,,,,,,,,,,,,,,,,,,,,,
rps_lng-HDO22001298,Greater Western Water,Greater Western Water,,,36,Macedon Street,,Sunbury,VIC,3429,,,,,,,,,,,,,Email,,,,,,,,,,,,,,,,,,,,,,
rps_lng-HDO21003088,Raine & Horne Glenroy,Raine & Horne Glenroy,,,813,Pascoe Vale Road,,Glenroy,VIC,3046,,,,,,,,body.corp@glenroy.rh.com.au,Work 9306 3999,,,,Email,,,,,,,,,,,,,,,,,,,,,,
rps_lng-HDO17002817,Rinnai Australia Pty Ltd,Rinnai Australia Pty Ltd,,,,PO Box 280,,Braeside,Vic,3195,,,,,,,,1stcareinvoice@rinnai.com.au,,,,,Email,,,,,,,,,,,,,,,,,,,,,,
rps_lng-HDO19004396,DJS Melbourne Plumbing Solutions,DJS Melbourne Plumbing Solutions,,,14,Commercial Drive,,Thomastown,VIC,3074,,,,,,,,orders@djsmps.com.au,Work 03 8456 0507,,,,Email,,,,,,,,,,,,,,,,,,,,,,
rps_lng-CVA21002539,PorterVac Gutter Cleaning & Roofing,PorterVac Gutter Cleaning & Roofing,,,6,Rosemary Court,,MULGRAVE,VIC,3170,,,,,,,,service@portervac.com.au,Mobile 0408902793,,Mobile 0408902793,,Email,,,,,,,,,,,,,,,,,,,,,,
rps_lng-HDO23001228,Spotlight Pty Ltd,Spotlight Pty Ltd,,,111,Cecil St,,South Melbourne,VIC,3205,,,,,,,,m2menquiries@spotlight.com.au,,,,,Email,,,,,,,,,,,,,,,,,,,,,,
rps_lng-HDO22004027,The Heat & Cool Service Group,The Heat & Cool Service Group,,,44,Burleigh Drive,,Grovedale,VIC,3216,,,,,,,,office@heatcoolservice.com.au,Mobile 0434004490,,Mobile 0434004490,,Email,,,,,,,,,,,,,,,,,,,,,,
rps_lng-HDO16002429,Chromagen,Chromagen,,,17-23,Redwood Drive,,Dingley,Vic,3172,,,,,,,,,,,,,Email,,,,,,,,,,,,,,,,,,,,,,
rps_lng-HDO22002691,At Temp Refrigeration,At Temp Refrigeration,,11,11,Brand Drive,,Thomastown,VIC,3074,,,,,,,,attemprefrigeration@gmail.com,,,,,Email,,,,,,,,,,,,,,,,,,,,,,
rps_lng-CVA21001889,Investa Projects Victoria - BLINDS,Investa Projects Victoria - BLINDS,,,,PO Box 173,,HAWTHORN,VIC,3122,,,,,,,,jobrequest@investaprojects.com,Mobile 0413516616,,Mobile 0413516616 Fax 98151654 Home 98151650,,Email,,,,,,,,,,,,,,,,,,,,,,
rps_lng-HDO22003144,Hycleaning Services Pty Ltd,Hycleaning Services Pty Ltd,,,19,Scott Gr,,Kingsbury,VIC,3083,,,,,,,,andyjtb@hotmail.com,Mobile 0425666628,,Mobile 0425666628,,Email,,,,,,,,,,,,,,,,,,,,,,
rps_lng-JAM20000164,Nonstop Locksmiths,Nonstop Locksmiths,,,,,,,,,,,,,,,,info@nonstoplocksmiths.com.au,Work 0418 444 166,,,,Email,,,,,,,,,,,,,,,,,,,,,,
rps_lng-HDO19001076,All Property Plumbing Pty Ltd,All Property Plumbing Pty Ltd,,,,PO Box 2727,Mount Waverley,,,,,,,,,,,service@allpropertyplumbing.com.au,,,,,Email,,,,,,,,,,,,,,,,,,,,,,
rps_lng-WES20000011,Looks Great Property Services,Looks Great Property Services,,,13,Nagle Drive,,Point Cook,VIC,3030,,,,,,,,info@looksgreatpropertyservices.com.au,,,,,Email,,,,,,,,,,,,,,,,,,,,,,
rps_lng-JAM20000137,Northern Appliance Repairs,Northern Appliance Repairs,,,12,Southdown Rise,,Mernda,VIC,3754,,,,,,,,raysimpson@iinet.net.au,Work 0414 682 946,,,,Email,,,,,,,,,,,,,,,,,,,,,,
rps_lng-HDO13002453,Abell Maintenance Pty Ltd,Abell Maintenance Pty Ltd,,,30,Owen Street,,Boronia,VIC,3155,,,,,,,,abellmaintenance@gmail.com,Mobile 0402421031,,Mobile 0402421031,,Email,,,,,,,,,,,,,,,,,,,,,,
rps_lng-SAN21000079,THIN HA Timber Flooring & Handyman Services,THIN HA Timber Flooring & Handyman Services,,,,,,,,,,,,,,,,kmcleaves@gmail.com,,,,,Email,,,,,,,,,,,,,,,,,,,,,,
rps_lng-HDO19002418,City of Monash,City of Monash,,,293,Springvale Road,,Glen Waverley,VIC,3150,,,,,,,,mail@monash.vic.gov.au,Work 95183555,,,,Email,,,,,,,,,,,,,,,,,,,,,,
rps_lng-HDO18002052,City West Locksmiths,City West Locksmiths,,,71,John Street,,Werribee,Vic,3030,,,,,,,,joey@citywestlocksmiths.com.au,Mobile 0414930586,,Mobile 0414930586,,Email,,,,,,,,,,,,,,,,,,,,,,
rps_lng-JAM20000086,TNO - The Works,TNO - The Works,,,,,,,,,,,,,,,,troyoborne@bigpond.com,Mobile 0405663719,,Mobile 0405663719,,Email,,,,,,,,,,,,,,,,,,,,,,
rps_lng-JAM21000053,Bloom Mowing & Garden Care,Bloom Mowing & Garden Care,,,,,,,,,,,,,,,,bloom.mowing@gmail.com,Mobile 0433777914,,Mobile 0433777914,,Email,,,,,,,,,,,,,,,,,,,,,,
rps_lng-SAN22000063,MAGS Made Pty Ltd,MAGS Made Pty Ltd,,,,PO BOX 4467,,Hoppers Crossing,VIC,3029,,,,,,,,ali.guy@hotmail.com,,,,,Email,,,,,,,,,,,,,,,,,,,,,,
rps_lng-JAM21000001,Toms Pest Control,Toms Pest Control,,,,,,,,,,,,,,,,office@tomspestcontrol.com.au,Home 90345957,,Home 90345957,,Email,,,,,,,,,,,,,,,,,,,,,,
rps_lng-HDO19002254,Select Owners Corp Management,Select Owners Corp Management,,,,PO Box 434,Kew East VIC 3102,,,,,,,,,,,jodie.black@selectownerscorp.com.au,Work 9862 3720,,,,Email,,,,,,,,,,,,,,,,,,,,,,
rps_lng-HDO18000984,Property Insurance Plus,Property Insurance Plus,,,,PO Box 2230,,Mt Waverley,Vic,3149,,,,,,,,remittances@pi-plus.com.au,,,,,Email,,,,,,,,,,,,,,,,,,,,,,
rps_lng-DRE19000104,Efficient Heating & Cooling DO NOT USE,Efficient Heating & Cooling DO NOT USE,,68,22,Dunn Crescent,,Dandenong,VIC,3175,,,,,,,,info@heatingcoolingsystems.com.au,Work 03 9792 3261,,,,Email,,,,,,,,,,,,,,,,,,,,,,
rps_lng-WES21000021,Alpha Air Pty Ltd,Alpha Air Pty Ltd,,6,,310-312 Governor Rd,,Braeside,VIC,3195,,,,,,,,info@alpha-air.com.au,Work 95803983,,,,Email,,,,,,,,,,,,,,,,,,,,,,
rps_lng-HDO10001910,Origin Energy Electricity,Origin Energy Electricity,,,,Private Bag 14825,,Melbourne,Vic,8001,,,,,,,,eftstatements@originenergy.com.au,,,,,Email,,,,,,,,,,,,,,,,,,,,,,
rps_lng-HDO21001478,New Horizons Garden,New Horizons Garden,,,2,Ella Court,,Narre Warren,VIC,3805,,,,,,,,ben@newhorizongardens.com.au,Mobile 0413257747,,Mobile 0413257747 Home 99999999,,Email,,,,,,,,,,,,,,,,,,,,,,
rps_lng-HAW21000001,Eastlec Data and Electrical,Eastlec Data and Electrical,,,,,,,,,,,,,,,,jaidon@eastlec.com.au,Mobile 0481210678,,Mobile 0481210678 Home 0481210678,,Email,,,,,,,,,,,,,,,,,,,,,,
rps_lng-HDO19001452,Foster Heating Pty Ltd,Foster Heating Pty Ltd,,,1192,Dandenong Road,Murrumbeena,,Vic,3163,,,,,,,,service@hydronic.com.au,Work 03 9569 9559,,,,Email,,,,,,,,,,,,,,,,,,,,,,
rps_lng-SAN21000139,Top Panel Garage Doors,Top Panel Garage Doors,,,253,Painted Hills Road,,Doreen,VIC,3754,,,,,,,,goran.sepecan@gmail.com,,,,,Email,,,,,,,,,,,,,,,,,,,,,,
rps_lng-WES19000016,PPM Protectant Pest Managment,PPM Protectant Pest Managment,,,,,,,,,,,,,,,,inspections@ppmgmt.com.au,Work 1300 552 532,,,,Email,,,,,,,,,,,,,,,,,,,,,,
rps_lng-HDO19005532,Nicola K Michels,Nicola K Michels,,,,,,,,,,,,,,,,nicola.michels@longview.com.au,,,,,Email,,,,,,,,,,,,,,,,,,,,,,
rps_lng-HDO12002900,Body Corporate Victoria Pty Ltd,Body Corporate Victoria Pty Ltd,,,,"Building 5, 303 Burwood Highway",,Burwood East,VIC,3151,,,,,,,,billings1@bodycorpvic.com.au,,,Fax 98060915,,Email,,,,,,,,,,,,,,,,,,,,,,
rps_lng-HDO22003952,Vidis Services Pty Ltd,Vidis Services Pty Ltd,,,44,Agnes Street,,Noble Park,VIC,3174,,,,,,,,trilock2garibdass@hotmail.com,,,,,Email,,,,,,,,,,,,,,,,,,,,,,
rps_lng-HDO22001591,Little Ripper Property Services,Little Ripper Property Services,,,6,Beamish Street,,Werribee,VIC,3030,,,,,,,,robbiellanos@outlook.com,Mobile 0417511387,,Mobile 0417511387,,Email,,,,,,,,,,,,,,,,,,,,,,
rps_lng-HDO19002574,Investa Projects Vic Pty Ltd,Investa Projects Vic Pty Ltd,,,,PO Box 173,,Hawthorn,Vic,3122,,,,,,,,enquiries@investaprojects.com,Work 9815 1650,,,,Email,,,,,,,,,,,,,,,,,,,,,,
rps_lng-HDO19001893,Altona Appliance Repairs,Altona Appliance Repairs,,,,PO BOX 286,Altona North VIC 3025,,,,,,,,,,,joebilotta1@bigpond.com,,,Fax 93157631,,Email,,,,,,,,,,,,,,,,,,,,,,
rps_lng-HDO23001438,The Pest Professionals Dawson's Australia,The Pest Professionals Dawson's Australia,,,,,,,,,,,,,,,,accounts@dawsonspest.com.au,,,,,Email,,,,,,,,,,,,,,,,,,,,,,
rps_lng-HDO21000784,Longview Project Management,Longview Project Management,,,,,,,,,,,,,,,,accounts@longview.com.au,,,,,Email,,,,,,,,,,,,,,,,,,,,,,
rps_lng-HDO20000267,Browns Body Corporate Mgt,Browns Body Corporate Mgt,,,264D,Doncaster Road,,Balwyn North,VIC,3104,,,,,,,,info@brownsbodycorp.com.au,,,,,Email,,,,,,,,,,,,,,,,,,,,,,
rps_lng-HDO22001491,IMaintenance Group Pty Ltd,IMaintenance Group Pty Ltd,,,137,Melville Rd,,Brunswick West,VIC,3055,,,,,,,,info@imaintenancegroup.com.au,Work 03 9386 2650,,,,Email,,,,,,,,,,,,,,,,,,,,,,
rps_lng-HDO19001497,Mould Doctor,Mould Doctor,,,,PO BOX 190,Bentleigh,,VIC,3204,,,,,,,,info@themoulddoctor.com.au,Work 1300 944 595,,,,Email,,,,,,,,,,,,,,,,,,,,,,
rps_lng-DRE21000031,Stephen Burgchard,Stephen Burgchard,,,,,,,,,,,,,,,,steveburgchard@gmail.com,,,,,Email,,,,,,,,,,,,,,,,,,,,,,
rps_lng-HDO19001876,Terri Scheer Insurance Pty Ltd,Terri Scheer Insurance Pty Ltd,,,,GPO Box 1619,Adelaide,,SA,5001,,,,,,,,processing@terrischeer.com.au,Work 1800 804 016,,,,Email,,,,,,,,,,,,,,,,,,,,,,
rps_lng-CVA21001971,OCP10864 - Chee Bui Choong,OCP10864 - Chee Bui Choong,,2,57,Eglington Street,,MOONEE PONDS,VIC,3039,,,,,,,,,,,,,Email,,,,,,,,,,,,,,,,,,,,,,
rps_lng-HDO22000773,Smart Plumbing,Smart Plumbing,,,,57 Ravenhall Way,,Ravenhall,VIC,3023,,,,,,,,,Home 93611827,,Home 93611827,,Email,,,,,,,,,,,,,,,,,,,,,,
rps_lng-HDO21001136,Safe And Sound Gas,Safe And Sound Gas,,,,safeandsoundgas@outlook.com,,,,,,,,,,,,safeandsoundgas@outlook.com,Home 0438047134,,Home 0438047134,,Email,,,,,,,,,,,,,,,,,,,,,,
rps_lng-CVA21001812,Classy Decorators,Classy Decorators,,,6,Bernarra Court,,Donvale,VIC,3111,,,,,,,,classydecorators@bigpond.com,Mobile 0418548766,,Mobile 0418548766,,Email,,,,,,,,,,,,,,,,,,,,,,
rps_lng-CVA21002081,Handy Tom Maintenance Solutions,Handy Tom Maintenance Solutions,,,,PO Box 204,,OFFICER,VIC,3809,,,,,,,,handytom@bigpond.com,Mobile 0438077779,,Mobile 0438077779,,Email,,,,,,,,,,,,,,,,,,,,,,
rps_lng-HDO14001017,Turnbull Cook Body Corporate,Turnbull Cook Body Corporate,,,,"DEFT Payment Systems
GPO Box 2174",,Melbourne,Vic,3001,,,,,,,,info@turnbullcook.com.au,,,,,Email,,,,,,,,,,,,,,,,,,,,,,
rps_lng-HDO14001007,Maribyrnong City Council,Maribyrnong City Council,,,,PO Box 58,,Footscray,Vic,3011,,,,,,,,email@maribyrnong.vic.gov.au,,,,,Email,,,,,,,,,,,,,,,,,,,,,,
rps_lng-HDO19003293,Madeo Plumbing,Madeo Plumbing,,,,PO BOX 1140,,Altona Meadows,VIC,3028,,,,,,,,callups@madeogroup.com.au,Work 8360 3136,,Mobile 0402163197,,Email,,,,,,,,,,,,,,,,,,,,,,
rps_lng-CHA20000024,Advance Heating Cooling,Advance Heating Cooling,,,,,,,,,,,,,,,,maria@advancehc.com.au,Home 93101990,,Home 93101990,,Email,,,,,,,,,,,,,,,,,,,,,,
rps_lng-HDO21001564,Appliances Online Commercial Division,Appliances Online Commercial Division,,,,Po Box 694,,Strawberry Hills,NSW,2012,,,,,,,,commercial@appliancesonline.com.au,Home 1300001500,,Home 1300001500,,Email,,,,,,,,,,,,,,,,,,,,,,
rps_lng-HDO20000501,GM Pest Solutions,GM Pest Solutions,,4,2-6,Wanrua Street,,Cheltenham,VIC,3192,,,,,,,,gavin@gmpestsolutions.com.au,,,,,Email,,,,,,,,,,,,,,,,,,,,,,
rps_lng-HDO22003942,Jim's Mowing,Jim's Mowing,,,23,FIRTH WAY,,Greenvale,VIC,3059,,,,,,,,matt.bonello@jimsmowing.net,Mobile 0403540243,,Mobile 0403540243,,Email,,,,,,,,,,,,,,,,,,,,,,
rps_lng-HDO18002179,MJ Electrical Services Pty Ltd,MJ Electrical Services Pty Ltd,,,7,Finley Crt,,Wantirna Sth,Vic,3152,,,,,,,,mjelectricalmelb@gmail.com,,,,,Email,,,,,,,,,,,,,,,,,,,,,,
rps_lng-CVA21002250,NRL Building & Property Maintenance (Nick Leith),NRL Building & Property Maintenance (Nick Leith),,,11,Pesaro Place,,POINT COOK,VIC,3030,,,,,,,,leithn@iprimus.com.au,,,,,Email,,,,,,,,,,,,,,,,,,,,,,
rps_lng-HDO15000953,City of Moonee Valley,City of Moonee Valley,,,9,Kellaway Avenue,,Moonee Ponds,Vic,3039,,,,,,,,council@mvcc.vic.gov.au,Work 03 9243 8888,,Fax 0393772100,,Email,,,,,,,,,,,,,,,,,,,,,,
rps_lng-HDO19002205,LA Bayside Discount Garage & Doors,LA Bayside Discount Garage & Doors,,,12,William Street,Balaclava VIC 3183,,,,,,,,,,,sales@labayside.com.au,Work 9527 9955,,Fax 95274722,,Email,,,,,,,,,,,,,,,,,,,,,,
rps_lng-HDO19001439,Diverse Appliances Services,Diverse Appliances Services,,7,80,Mills Road,,Braeside,VIC,3195,,,,,,,,service@diverseappliances.com.au,Work 9580 2186,,,,Email,,,,,,,,,,,,,,,,,,,,,,
rps_lng-HDO20002148,Nelson Alexander,Nelson Alexander,,,846,Bourke Street,,Docklands,VIC,3008,,,,,,,,,,,,,Email,,,,,,,,,,,,,,,,,,,,,,
rps_lng-CVA21004360,Owners Corporation X Pty Ltd,Owners Corporation X Pty Ltd,,,7.575,Bourke St,,Melbourne,VIC,3000,,,,,,,,,,,,,Email,,,,,,,,,,,,,,,,,,,,,,
rps_lng-CVA21002265,Surelec Pty Ltd (Surelec Electricians),Surelec Pty Ltd (Surelec Electricians),,,8-12,Greenwood Street,,ABBOTSFORD,VIC,3067,,,,,,,,sales@surelec.com.au,,,,,Email,,,,,,,,,,,,,,,,,,,,,,
rps_lng-HDO17001359,Strata Data Plan No. PS719210G,Strata Data Plan No. PS719210G,,,,-,,,,,,,,,,,,,,,,,Email,,,,,,,,,,,,,,,,,,,,,,
rps_lng-CVA21002453,Frontline Locksmiths,Frontline Locksmiths,,,59,Mundara Drive,,RINGWOOD,VIC,3134,,,,,,,,admin@frontlinelocksmiths.com.au,Work 03 8827 0800,,,,Email,,,,,,,,,,,,,,,,,,,,,,
rps_lng-CVA21002572,Edward & Co Property Management,Edward & Co Property Management,,,,Edward & Co Property Management,PO Box 209,BALACLAVA,VIC,3183,,,,,,,,info@edwardnco.com.au,,,,,Email,,,,,,,,,,,,,,,,,,,,,,
rps_lng-HDO19001873,Temp Zero Electrical & Air Conditioning,Temp Zero Electrical & Air Conditioning,,,12,Quartz Grove,Epping,,Vic,3076,,,,,,,,Temp_zero@hotmail.com,Mobile 0419584866,,Mobile 0419584866,,Email,,,,,,,,,,,,,,,,,,,,,,
rps_lng-HDO20001077,Bendigo Bank Insurance,Bendigo Bank Insurance,,,,-,,,,,,,,,,,,,,,,,Email,,,,,,,,,,,,,,,,,,,,,,
rps_lng-CVA21001803,2. Do All Appliances,2. Do All Appliances,,,34,Bignell Road,,MOORABBIN,VIC,3189,,,,,,,,bookings@doallappliances.com.au,,,Fax 95530708,,Email,,,,,,,,,,,,,,,,,,,,,,
rps_lng-CVA21002031,Origin Energy Electricity,Origin Energy Electricity,,,,GPO Box 1199,ADELAIDE,SA,,5001,,,,,,,,,,,,,Email,,,,,,,,,,,,,,,,,,,,,,
rps_lng-HDO19001340,Northern Plumbing Solutions,Northern Plumbing Solutions,,,,PO BOX 652,Craigieburn,,VIC,3064,,,,,,,,northernps@optusnet.com.au,,,,,Email,,,,,,,,,,,,,,,,,,,,,,
rps_lng-HDO19002688,Four Walls Painting & Decorating Pty Ltd,Four Walls Painting & Decorating Pty Ltd,,,,PO Box 74,,Watsonia,VIC,3087,,,,,,,,fwpd10@gmail.com,Work 0412 765 210,,,,Email,,,,,,,,,,,,,,,,,,,,,,
rps_lng-HDO20001090,Orb Lock Company,Orb Lock Company,,,,P.O. Box 114,,Prahran,VIC,3181,,,,,,,,,,,,,Email,,,,,,,,,,,,,,,,,,,,,,
rps_lng-HDO19002055,Woolley Appliances,Woolley Appliances,,2,1037,Western Highway,Deer Park VIC 3023,,,,,,,,,,,support@woolleys.com.au,Work 9361 9500,,Fax 83617055,,Email,,,,,,,,,,,,,,,,,,,,,,
rps_lng-HDO19001160,Cest La Vie Cleaning,Cest La Vie Cleaning,,,,PO Box 159,,,,,,,,,,,,cestlaviecleaning@yahoo.com.au,Work 0420232864,,,,Email,,,,,,,,,,,,,,,,,,,,,,
rps_lng-HDO19004437,Boulton's Cleaning Services Pty Ltd,Boulton's Cleaning Services Pty Ltd,,,21,Heller Street,,Brunswick,VIC,3056,,,,,,,,mattboul@bigpond.com,Mobile 0418314552,,Mobile 0418314552,,Email,,,,,,,,,,,,,,,,,,,,,,
rps_lng-HDO19001421,Auburn Electrical Services,Auburn Electrical Services,,,,P O Box 284,Kew East,,Vic,3102,,,,,,,,auburnelectrical@bigpond.com,Mobile 0419341052,,Mobile 0419341052,,Email,,,,,,,,,,,,,,,,,,,,,,
rps_lng-HDO21002221,Handy Nadz,Handy Nadz,,,,,,South Morang,VIC,3752,,,,,,,,handynadz@outlook.com,Mobile 0403711014,,Mobile 0403711014,,Email,,,,,,,,,,,,,,,,,,,,,,
rps_lng-CVA21001982,Australian Antennas,Australian Antennas,,,,P.O.Box 117,,BLACKBURN SOUTH,VIC,3130,,,,,,,,sales@australianantennas.com.au,,,Fax 0398992977,,Email,,,,,,,,,,,,,,,,,,,,,,
rps_lng-HDO19002195,Jayee Screens,Jayee Screens,,,13,Rose Street,Upper Ferntree Gully VIC 3156,,,,,,,,,,,vanessa@jayeescreens.com.au,Work 97583800,,,,Email,,,,,,,,,,,,,,,,,,,,,,
rps_lng-DRE19000090,Beal Electrical Services Pty Ltd,Beal Electrical Services Pty Ltd,,,4,Huxley Avenue,,Dandenong North,VIC,3175,,,,,,,,service@bealelectrical.com.au,Work 0430 073 942,,,,Email,,,,,,,,,,,,,,,,,,,,,,
rps_lng-HDO23000360,Hutt Electrical Pty Ltd,Hutt Electrical Pty Ltd,,8,43-45,Vinter Avenue,,Croydon,VIC,3136,,,,,,,,info@huttelectrical.com.au,Mobile 0411300772,,Mobile 0411300772,,Email,,,,,,,,,,,,,,,,,,,,,,
rps_lng-HDO19001761,Bayside City Council,Bayside City Council,,,76,Royal Avenue,Sandringham,,Vic,3191,,,,,,,,,Work 9599444,,Fax 95984474,,Email,,,,,,,,,,,,,,,,,,,,,,
rps_lng-HDO21001673,Girlz On The Go,Girlz On The Go,,,52,Adelaide Street,,Albion,VIC,3020,,,,,,,,julietev@girlsonthego.com.au,Mobile 0418178744,,Mobile 0418178744,,Email,,,,,,,,,,,,,,,,,,,,,,
rps_lng-HDO19001532,State Revenue Office,State Revenue Office,,,,GPO Box 1641,Melbourne,,Vic,3001,,,,,,,,sro@sro.vic.gov.au,Work 132161,,Fax 0396286856,,Email,,,,,,,,,,,,,,,,,,,,,,
rps_lng-HDO12001454,City of Yarra,City of Yarra,,,,PO Box 168,,Richmond,Vic,3121,,,,,,,,info@yarracity.vic.gov.au,,,Fax 0384176601,,Email,,,,,,,,,,,,,,,,,,,,,,
rps_lng-HDO19001201,Total Air Control,Total Air Control,,,,P O Box 6073,Caulfield south,,Vic,3162,,,,,,,,info@totalaircontrol.com.au,Work 1300 789 885,,,,Email,,,,,,,,,,,,,,,,,,,,,,
rps_lng-HDO19004177,Elite Property Service,Elite Property Service,,,,,,,,,,,,,,,,craig@elitepropertyservice.com.au,Mobile 0422276266,,Mobile 0422276266,,Email,,,,,,,,,,,,,,,,,,,,,,
rps_lng-HDO19002600,Iconic Strata,Iconic Strata,,,,P O Box 2623,,Ringwood North,VIC,3134,,,,,,,,info@iconicstrata.com.au,,,,,Email,,,,,,,,,,,,,,,,,,,,,,
rps_lng-HDO18000912,Exopest Pty Ltd,Exopest Pty Ltd,,,80-86,Buckhurst Street,,South Melbourne,,3205,,,,,,,,info@exopest.com.au,Work (03) 8696 9000,,,,Email,,,,,,,,,,,,,,,,,,,,,,
